id,player_name,game_date,pts,reb,ast,threes_made,minutes_played
8921,Jared McCain,2026-02-20,21,4,0,3,
8922,Jared McCain,2026-02-12,13,3,2,2,
8923,Jared McCain,2026-02-11,12,4,1,2,
8924,Jared McCain,2026-02-09,7,3,0,1,
8925,Jared McCain,2026-02-07,5,2,1,1,
8926,Jared McCain,2026-02-03,0,0,2,0,
8927,Jared McCain,2026-02-02,6,2,4,2,
8928,Jared McCain,2026-01-31,12,2,1,4,
8929,Jared McCain,2026-01-29,4,1,1,0,
8930,Jared McCain,2026-01-27,17,1,3,5,
8931,Jared McCain,2026-01-26,16,3,3,4,
8932,Jared McCain,2026-01-24,0,0,0,0,
8933,Jared McCain,2026-01-22,0,0,0,0,
8934,Jared McCain,2026-01-20,0,0,0,0,
8935,Isaiah Joe,2026-02-20,11,7,1,2,
8936,Isaiah Joe,2026-02-12,17,4,2,4,
8937,Isaiah Joe,2026-02-11,21,1,1,6,
8938,Isaiah Joe,2026-02-09,19,3,2,4,
8939,Isaiah Joe,2026-02-07,21,3,2,3,
8940,Isaiah Joe,2026-02-04,2,5,2,0,
8941,Isaiah Joe,2026-02-03,22,0,0,5,
8942,Isaiah Joe,2026-02-01,9,2,1,3,
8943,Isaiah Joe,2026-01-29,6,3,3,2,
8944,Isaiah Joe,2026-01-27,17,3,3,5,
8945,Isaiah Joe,2026-01-25,10,1,2,2,
8946,Isaiah Joe,2026-01-23,7,2,1,0,
8947,Isaiah Joe,2026-01-21,5,1,1,1,
8948,Isaiah Joe,2026-01-19,16,5,2,4,
8949,Evan Mobley,2026-02-20,0,0,0,0,
8950,Evan Mobley,2026-02-19,10,9,2,0,
8951,Evan Mobley,2026-02-11,0,0,0,0,
8952,Evan Mobley,2026-02-09,0,0,0,0,
8953,Evan Mobley,2026-02-07,0,0,0,0,
8954,Evan Mobley,2026-02-04,0,0,0,0,
8955,Evan Mobley,2026-02-01,0,0,0,0,
8956,Evan Mobley,2026-01-30,0,0,0,0,
8957,Evan Mobley,2026-01-28,0,0,0,0,
8958,Evan Mobley,2026-01-26,20,9,2,1,
8959,Evan Mobley,2026-01-24,13,7,3,1,
8960,Evan Mobley,2026-01-23,29,13,7,0,
8961,Evan Mobley,2026-01-21,14,14,0,0,
8962,Evan Mobley,2026-01-19,16,7,5,0,
8963,Aaron Wiggins,2026-02-20,7,4,0,1,
8964,Aaron Wiggins,2026-02-12,5,4,2,1,
8965,Aaron Wiggins,2026-02-11,12,3,2,0,
8966,Aaron Wiggins,2026-02-09,0,4,1,0,
8967,Aaron Wiggins,2026-02-07,17,2,1,3,
8968,Aaron Wiggins,2026-02-04,20,4,6,4,
8969,Aaron Wiggins,2026-02-03,9,3,0,1,
8970,Aaron Wiggins,2026-02-01,14,6,0,3,
8971,Aaron Wiggins,2026-01-29,10,4,5,2,
8972,Aaron Wiggins,2026-01-27,13,5,1,2,
8973,Aaron Wiggins,2026-01-25,11,3,4,2,
8974,Aaron Wiggins,2026-01-23,0,0,0,0,
8975,Aaron Wiggins,2026-01-21,0,0,0,0,
8976,Aaron Wiggins,2026-01-19,12,6,3,2,
8977,James Harden,2026-02-20,18,4,8,2,
8978,James Harden,2026-02-19,16,5,9,3,
8979,James Harden,2026-02-11,13,4,11,1,
8980,James Harden,2026-02-09,22,10,7,2,
8981,James Harden,2026-02-07,23,2,8,5,
8982,James Harden,2026-02-04,0,0,0,0,
8983,James Harden,2026-02-02,0,0,0,0,
8984,James Harden,2026-02-01,0,0,0,0,
8985,James Harden,2026-01-30,25,5,9,4,
8986,James Harden,2026-01-27,16,3,10,3,
8987,James Harden,2026-01-25,19,6,8,3,
8988,James Harden,2026-01-22,18,7,10,2,
8989,James Harden,2026-01-20,24,5,6,3,
8990,James Harden,2026-01-19,36,7,9,0,
8991,Cason Wallace,2026-02-20,8,4,6,0,
8992,Cason Wallace,2026-02-12,3,2,3,0,
8993,Cason Wallace,2026-02-11,4,4,3,0,
8994,Cason Wallace,2026-02-09,12,4,6,0,
8995,Cason Wallace,2026-02-07,23,4,4,1,
8996,Cason Wallace,2026-02-04,13,3,5,1,
8997,Cason Wallace,2026-02-03,5,1,5,0,
8998,Cason Wallace,2026-02-01,27,6,0,7,
8999,Cason Wallace,2026-01-29,13,1,0,1,
9000,Cason Wallace,2026-01-27,0,0,0,0,
9001,Cason Wallace,2026-01-25,3,1,1,0,
9002,Cason Wallace,2026-01-23,10,5,1,3,
9003,Cason Wallace,2026-01-21,9,2,2,2,
9004,Cason Wallace,2026-01-19,4,2,2,1,
9005,Donovan Mitchell,2026-02-20,32,3,4,2,
9006,Donovan Mitchell,2026-02-19,17,3,5,2,
9007,Donovan Mitchell,2026-02-11,30,3,5,2,
9008,Donovan Mitchell,2026-02-09,32,1,10,3,
9009,Donovan Mitchell,2026-02-07,35,2,4,2,
9010,Donovan Mitchell,2026-02-04,29,5,9,3,
9011,Donovan Mitchell,2026-02-01,14,0,9,2,
9012,Donovan Mitchell,2026-01-30,16,3,6,3,
9013,Donovan Mitchell,2026-01-28,25,5,5,3,
9014,Donovan Mitchell,2026-01-26,45,4,4,5,
9015,Donovan Mitchell,2026-01-24,36,5,9,2,
9016,Donovan Mitchell,2026-01-23,33,5,8,5,
9017,Donovan Mitchell,2026-01-21,24,3,6,2,
9018,Donovan Mitchell,2026-01-19,19,4,3,1,
9019,Isaiah Hartenstein,2026-02-20,10,8,4,0,
9020,Isaiah Hartenstein,2026-02-12,0,0,0,0,
9021,Isaiah Hartenstein,2026-02-11,8,4,6,0,
9022,Isaiah Hartenstein,2026-02-09,10,9,6,0,
9023,Isaiah Hartenstein,2026-02-07,4,8,11,0,
9024,Isaiah Hartenstein,2026-02-04,0,0,0,0,
9025,Isaiah Hartenstein,2026-02-03,12,10,10,0,
9026,Isaiah Hartenstein,2026-02-01,4,5,1,0,
9027,Isaiah Hartenstein,2026-01-29,11,5,2,0,
9028,Isaiah Hartenstein,2026-01-27,0,0,0,0,
9029,Isaiah Hartenstein,2026-01-25,0,0,0,0,
9030,Isaiah Hartenstein,2026-01-23,0,0,0,0,
9031,Isaiah Hartenstein,2026-01-21,0,0,0,0,
9032,Isaiah Hartenstein,2026-01-19,0,0,0,0,
9033,Chet Holmgren,2026-02-20,15,7,2,2,
9034,Chet Holmgren,2026-02-12,16,13,4,0,
9035,Chet Holmgren,2026-02-11,13,4,2,0,
9036,Chet Holmgren,2026-02-09,13,10,2,1,
9037,Chet Holmgren,2026-02-07,17,14,0,1,
9038,Chet Holmgren,2026-02-04,0,0,0,0,
9039,Chet Holmgren,2026-02-03,16,10,1,0,
9040,Chet Holmgren,2026-02-01,14,4,1,1,
9041,Chet Holmgren,2026-01-29,15,5,2,1,
9042,Chet Holmgren,2026-01-27,20,14,3,1,
9043,Chet Holmgren,2026-01-25,11,10,0,0,
9044,Chet Holmgren,2026-01-23,25,13,3,2,
9045,Chet Holmgren,2026-01-21,10,7,2,1,
9046,Chet Holmgren,2026-01-19,28,8,2,4,
9047,Luguentz Dort,2026-02-20,10,2,2,2,
9048,Luguentz Dort,2026-02-12,9,2,1,1,
9049,Luguentz Dort,2026-02-11,9,0,1,1,
9050,Luguentz Dort,2026-02-09,7,5,1,2,
9051,Luguentz Dort,2026-02-07,2,2,3,0,
9052,Luguentz Dort,2026-02-04,0,0,0,0,
9053,Luguentz Dort,2026-02-03,18,5,1,4,
9054,Luguentz Dort,2026-02-01,6,4,1,2,
9055,Luguentz Dort,2026-01-29,5,4,2,1,
9056,Luguentz Dort,2026-01-27,12,8,3,4,
9057,Luguentz Dort,2026-01-25,19,8,2,4,
9058,Luguentz Dort,2026-01-23,2,3,1,0,
9059,Luguentz Dort,2026-01-21,13,4,3,3,
9060,Luguentz Dort,2026-01-19,18,5,3,5,
9061,Dennis Schroder,2026-02-20,8,0,3,0,
9062,Dennis Schroder,2026-02-19,12,3,3,1,
9063,Dennis Schroder,2026-02-11,7,3,2,1,
9064,Dennis Schroder,2026-02-09,5,2,3,0,
9065,Dennis Schroder,2026-02-07,7,3,4,0,
9066,Dennis Schroder,2026-02-04,11,2,6,1,
9067,Dennis Schroder,2026-02-01,0,0,0,0,
9068,Dennis Schroder,2026-01-30,4,4,3,0,
9069,Dennis Schroder,2026-01-29,27,4,2,5,
9070,Dennis Schroder,2026-01-27,4,1,4,0,
9071,Dennis Schroder,2026-01-25,15,1,7,1,
9072,Dennis Schroder,2026-01-23,21,4,4,3,
9073,Dennis Schroder,2026-01-21,16,1,3,1,
9074,Dennis Schroder,2026-01-20,4,2,2,0,
9075,Jaylon Tyson,2026-02-20,5,1,0,1,
9076,Jaylon Tyson,2026-02-19,11,5,2,1,
9077,Jaylon Tyson,2026-02-11,7,5,1,0,
9078,Jaylon Tyson,2026-02-09,16,3,1,4,
9079,Jaylon Tyson,2026-02-07,10,6,0,0,
9080,Jaylon Tyson,2026-02-04,17,4,1,3,
9081,Jaylon Tyson,2026-02-01,18,3,6,4,
9082,Jaylon Tyson,2026-01-30,16,4,3,2,
9083,Jaylon Tyson,2026-01-28,20,6,6,3,
9084,Jaylon Tyson,2026-01-26,14,9,4,2,
9085,Jaylon Tyson,2026-01-24,17,5,4,3,
9086,Jaylon Tyson,2026-01-23,17,7,4,3,
9087,Jaylon Tyson,2026-01-21,14,7,4,1,
9088,Jaylon Tyson,2026-01-19,16,10,4,2,
9089,Dean Wade,2026-02-20,8,4,0,2,
9090,Dean Wade,2026-02-19,11,5,0,3,
9091,Dean Wade,2026-02-11,0,0,0,0,
9092,Dean Wade,2026-02-09,0,0,0,0,
9093,Dean Wade,2026-02-07,0,0,0,0,
9094,Dean Wade,2026-02-04,5,3,3,1,
9095,Dean Wade,2026-02-01,6,3,1,2,
9096,Dean Wade,2026-01-30,3,4,0,1,
9097,Dean Wade,2026-01-28,11,5,2,2,
9098,Dean Wade,2026-01-26,6,7,2,0,
9099,Dean Wade,2026-01-24,10,3,1,2,
9100,Dean Wade,2026-01-23,6,5,1,2,
9101,Dean Wade,2026-01-21,4,9,4,0,
9102,Dean Wade,2026-01-19,0,2,0,0,
9103,Jarrett Allen,2026-02-20,26,14,2,0,
9104,Jarrett Allen,2026-02-19,15,10,1,0,
9105,Jarrett Allen,2026-02-11,21,9,1,0,
9106,Jarrett Allen,2026-02-09,22,13,1,0,
9107,Jarrett Allen,2026-02-07,29,10,1,0,
9108,Jarrett Allen,2026-02-04,10,11,3,0,
9109,Jarrett Allen,2026-02-01,40,17,5,0,
9110,Jarrett Allen,2026-01-30,12,7,3,0,
9111,Jarrett Allen,2026-01-28,17,9,2,0,
9112,Jarrett Allen,2026-01-26,9,4,1,0,
9113,Jarrett Allen,2026-01-24,8,6,1,0,
9114,Jarrett Allen,2026-01-23,15,9,0,0,
9115,Jarrett Allen,2026-01-21,13,9,0,0,
9116,Jarrett Allen,2026-01-19,16,9,1,0,
9117,Jalen Johnson,2026-02-20,16,16,11,2,
9118,Jalen Johnson,2026-02-19,32,10,5,0,
9119,Jalen Johnson,2026-02-11,19,13,9,1,
9120,Jalen Johnson,2026-02-09,0,0,0,0,
9121,Jalen Johnson,2026-02-07,31,9,8,2,
9122,Jalen Johnson,2026-02-05,22,16,15,0,
9123,Jalen Johnson,2026-02-03,29,11,11,3,
9124,Jalen Johnson,2026-01-31,33,12,10,3,
9125,Jalen Johnson,2026-01-29,0,0,0,0,
9126,Jalen Johnson,2026-01-28,19,14,7,3,
9127,Jalen Johnson,2026-01-26,15,7,6,1,
9128,Jalen Johnson,2026-01-23,23,18,9,1,
9129,Jalen Johnson,2026-01-21,32,15,8,2,
9130,Jalen Johnson,2026-01-19,28,16,6,3,
9131,Dyson Daniels,2026-02-20,4,7,3,0,
9132,Dyson Daniels,2026-02-19,15,7,2,0,
9133,Dyson Daniels,2026-02-11,21,3,4,0,
9134,Dyson Daniels,2026-02-09,0,0,0,0,
9135,Dyson Daniels,2026-02-07,11,6,3,0,
9136,Dyson Daniels,2026-02-05,11,6,6,1,
9137,Dyson Daniels,2026-02-03,2,1,5,0,
9138,Dyson Daniels,2026-01-31,8,7,7,0,
9139,Dyson Daniels,2026-01-29,4,6,7,0,
9140,Dyson Daniels,2026-01-28,15,6,9,1,
9141,Dyson Daniels,2026-01-26,22,5,9,1,
9142,Dyson Daniels,2026-01-23,8,8,4,0,
9143,Dyson Daniels,2026-01-21,3,7,8,0,
9144,Dyson Daniels,2026-01-19,17,9,10,0,
9145,Michael Porter Jr,2026-02-20,22,9,5,1,
9146,Michael Porter Jr,2026-02-19,14,5,2,1,
9147,Michael Porter Jr,2026-02-11,0,0,0,0,
9148,Michael Porter Jr,2026-02-09,0,0,0,0,
9149,Michael Porter Jr,2026-02-07,23,6,3,3,
9150,Michael Porter Jr,2026-02-05,9,2,2,2,
9151,Michael Porter Jr,2026-02-03,21,10,3,0,
9152,Michael Porter Jr,2026-02-01,0,0,0,0,
9153,Michael Porter Jr,2026-01-30,0,0,0,0,
9154,Michael Porter Jr,2026-01-29,38,10,3,7,
9155,Michael Porter Jr,2026-01-27,36,5,3,6,
9156,Michael Porter Jr,2026-01-25,9,2,4,0,
9157,Michael Porter Jr,2026-01-23,30,8,4,4,
9158,Michael Porter Jr,2026-01-21,12,6,1,3,
9159,Onyeka Okongwu,2026-02-20,22,3,3,4,
9160,Onyeka Okongwu,2026-02-19,8,10,2,0,
9161,Onyeka Okongwu,2026-02-11,18,3,0,3,
9162,Onyeka Okongwu,2026-02-09,14,5,3,2,
9163,Onyeka Okongwu,2026-02-07,16,6,2,4,
9164,Onyeka Okongwu,2026-02-05,0,0,0,0,
9165,Onyeka Okongwu,2026-02-03,0,0,0,0,
9166,Onyeka Okongwu,2026-01-31,0,0,0,0,
9167,Onyeka Okongwu,2026-01-29,0,0,0,0,
9168,Onyeka Okongwu,2026-01-28,17,6,3,2,
9169,Onyeka Okongwu,2026-01-26,12,10,2,2,
9170,Onyeka Okongwu,2026-01-23,25,5,5,3,
9171,Onyeka Okongwu,2026-01-21,18,9,1,4,
9172,Onyeka Okongwu,2026-01-19,4,10,4,0,
9173,Nicolas Claxton,2026-02-20,0,0,0,0,
9174,Nicolas Claxton,2026-02-19,0,0,0,0,
9175,Nicolas Claxton,2026-02-11,0,0,0,0,
9176,Nicolas Claxton,2026-02-09,28,10,4,1,
9177,Nicolas Claxton,2026-02-07,11,5,4,0,
9178,Nicolas Claxton,2026-02-05,14,6,3,0,
9179,Nicolas Claxton,2026-02-03,10,5,2,0,
9180,Nicolas Claxton,2026-02-01,10,2,1,0,
9181,Nicolas Claxton,2026-01-30,6,9,3,0,
9182,Nicolas Claxton,2026-01-29,10,8,7,0,
9183,Nicolas Claxton,2026-01-27,8,5,8,0,
9184,Nicolas Claxton,2026-01-25,6,6,1,0,
9185,Nicolas Claxton,2026-01-23,18,9,4,0,
9186,Nicolas Claxton,2026-01-21,4,4,1,0,
9187,Egor Demin,2026-02-20,3,5,3,1,
9188,Egor Demin,2026-02-19,10,5,1,2,
9189,Egor Demin,2026-02-11,13,5,5,3,
9190,Egor Demin,2026-02-09,0,0,0,0,
9191,Egor Demin,2026-02-07,4,2,2,0,
9192,Egor Demin,2026-02-05,26,4,2,6,
9193,Egor Demin,2026-02-03,11,2,2,3,
9194,Egor Demin,2026-02-01,3,0,1,0,
9195,Egor Demin,2026-01-30,25,10,4,6,
9196,Egor Demin,2026-01-29,0,0,0,0,
9197,Egor Demin,2026-01-27,15,5,3,3,
9198,Egor Demin,2026-01-25,12,2,5,3,
9199,Egor Demin,2026-01-23,6,4,2,2,
9200,Egor Demin,2026-01-21,6,1,3,2,
9201,Nickeil Alexander-Walker,2026-02-20,20,3,3,4,
9202,Nickeil Alexander-Walker,2026-02-19,14,3,4,2,
9203,Nickeil Alexander-Walker,2026-02-11,10,3,4,1,
9204,Nickeil Alexander-Walker,2026-02-09,23,12,5,4,
9205,Nickeil Alexander-Walker,2026-02-07,13,2,10,2,
9206,Nickeil Alexander-Walker,2026-02-05,23,2,5,0,
9207,Nickeil Alexander-Walker,2026-02-03,19,5,7,3,
9208,Nickeil Alexander-Walker,2026-01-31,21,3,5,3,
9209,Nickeil Alexander-Walker,2026-01-29,20,5,1,3,
9210,Nickeil Alexander-Walker,2026-01-28,21,1,3,5,
9211,Nickeil Alexander-Walker,2026-01-26,21,3,3,5,
9212,Nickeil Alexander-Walker,2026-01-23,13,0,3,2,
9213,Nickeil Alexander-Walker,2026-01-21,11,2,4,2,
9214,Nickeil Alexander-Walker,2026-01-19,32,6,6,7,
9215,C.J. McCollum,2026-02-20,20,2,1,4,
9216,C.J. McCollum,2026-02-19,23,1,5,3,
9217,C.J. McCollum,2026-02-11,17,6,8,1,
9218,C.J. McCollum,2026-02-09,38,1,2,5,
9219,C.J. McCollum,2026-02-07,12,1,3,2,
9220,C.J. McCollum,2026-02-05,8,0,3,0,
9221,C.J. McCollum,2026-02-03,26,4,2,6,
9222,C.J. McCollum,2026-01-31,18,4,2,1,
9223,C.J. McCollum,2026-01-29,23,5,2,5,
9224,C.J. McCollum,2026-01-28,13,3,3,1,
9225,C.J. McCollum,2026-01-26,23,8,7,5,
9226,C.J. McCollum,2026-01-23,21,4,0,2,
9227,C.J. McCollum,2026-01-21,15,0,6,3,
9228,C.J. McCollum,2026-01-19,17,3,3,2,
9229,Corey Kispert,2026-02-20,6,3,3,1,
9230,Corey Kispert,2026-02-19,5,5,1,1,
9231,Corey Kispert,2026-02-11,2,3,2,0,
9232,Corey Kispert,2026-02-09,12,7,4,1,
9233,Corey Kispert,2026-02-07,8,2,2,2,
9234,Corey Kispert,2026-02-05,20,2,0,2,
9235,Corey Kispert,2026-02-03,13,4,4,2,
9236,Corey Kispert,2026-01-31,11,2,1,2,
9237,Corey Kispert,2026-01-29,17,2,2,2,
9238,Corey Kispert,2026-01-28,13,2,1,3,
9239,Corey Kispert,2026-01-26,7,0,3,0,
9240,Corey Kispert,2026-01-23,8,3,1,2,
9241,Corey Kispert,2026-01-21,8,1,2,2,
9242,Corey Kispert,2026-01-19,2,1,1,0,
9243,Zaccharie Risacher,2026-02-20,4,4,0,1,
9244,Zaccharie Risacher,2026-02-19,10,7,2,2,
9245,Zaccharie Risacher,2026-02-11,5,3,1,1,
9246,Zaccharie Risacher,2026-02-09,3,4,1,0,
9247,Zaccharie Risacher,2026-02-07,18,3,0,4,
9248,Zaccharie Risacher,2026-02-05,0,6,0,0,
9249,Zaccharie Risacher,2026-02-03,7,7,2,1,
9250,Zaccharie Risacher,2026-01-31,7,3,0,1,
9251,Zaccharie Risacher,2026-01-29,0,0,0,0,
9252,Zaccharie Risacher,2026-01-28,0,0,0,0,
9253,Zaccharie Risacher,2026-01-26,0,0,0,0,
9254,Zaccharie Risacher,2026-01-23,0,0,0,0,
9255,Zaccharie Risacher,2026-01-21,0,0,0,0,
9256,Zaccharie Risacher,2026-01-19,0,0,0,0,
9257,Danny Wolf,2026-02-20,8,3,2,0,
9258,Danny Wolf,2026-02-19,11,6,7,2,
9259,Danny Wolf,2026-02-11,14,8,0,2,
9260,Danny Wolf,2026-02-09,13,6,2,2,
9261,Danny Wolf,2026-02-07,16,7,6,2,
9262,Danny Wolf,2026-02-05,13,6,2,1,
9263,Danny Wolf,2026-02-03,7,4,3,1,
9264,Danny Wolf,2026-02-01,6,10,4,0,
9265,Danny Wolf,2026-01-30,14,5,2,2,
9266,Danny Wolf,2026-01-29,7,4,3,1,
9267,Danny Wolf,2026-01-27,4,5,0,0,
9268,Danny Wolf,2026-01-25,14,7,4,1,
9269,Danny Wolf,2026-01-23,4,6,2,0,
9270,Danny Wolf,2026-01-21,3,2,0,1,
9271,Day'Ron Sharpe,2026-02-20,12,8,2,0,
9272,Day'Ron Sharpe,2026-02-19,4,5,3,0,
9273,Day'Ron Sharpe,2026-02-11,19,12,5,0,
9274,Day'Ron Sharpe,2026-02-09,6,7,0,0,
9275,Day'Ron Sharpe,2026-02-07,19,9,4,0,
9276,Day'Ron Sharpe,2026-02-05,4,5,0,0,
9277,Day'Ron Sharpe,2026-02-03,19,14,5,0,
9278,Day'Ron Sharpe,2026-02-01,8,11,0,0,
9279,Day'Ron Sharpe,2026-01-30,16,9,1,1,
9280,Day'Ron Sharpe,2026-01-29,7,9,1,0,
9281,Day'Ron Sharpe,2026-01-27,7,7,2,0,
9282,Day'Ron Sharpe,2026-01-25,8,6,2,0,
9283,Day'Ron Sharpe,2026-01-23,5,8,2,0,
9284,Day'Ron Sharpe,2026-01-21,6,2,1,0,
9285,Noah Clowney,2026-02-20,8,5,1,1,
9286,Noah Clowney,2026-02-19,8,1,2,2,
9287,Noah Clowney,2026-02-11,0,0,0,0,
9288,Noah Clowney,2026-02-09,22,6,0,4,
9289,Noah Clowney,2026-02-07,18,3,2,4,
9290,Noah Clowney,2026-02-05,0,4,0,0,
9291,Noah Clowney,2026-02-03,6,4,2,0,
9292,Noah Clowney,2026-02-01,0,0,0,0,
9293,Noah Clowney,2026-01-30,0,0,0,0,
9294,Noah Clowney,2026-01-29,0,0,0,0,
9295,Noah Clowney,2026-01-27,0,0,0,0,
9296,Noah Clowney,2026-01-25,0,0,0,0,
9297,Noah Clowney,2026-01-23,15,9,1,3,
9298,Noah Clowney,2026-01-21,8,4,0,2,
9299,Jock Landale,2026-02-20,3,6,1,0,
9300,Jock Landale,2026-02-19,10,7,2,2,
9301,Jock Landale,2026-02-11,9,3,0,1,
9302,Jock Landale,2026-02-09,12,6,0,1,
9303,Jock Landale,2026-02-07,5,0,1,1,
9304,Jock Landale,2026-02-05,26,11,5,5,
9305,Jock Landale,2026-02-02,4,6,2,0,
9306,Jock Landale,2026-01-31,7,8,2,1,
9307,Jock Landale,2026-01-30,12,8,0,0,
9308,Jock Landale,2026-01-28,10,3,0,1,
9309,Jock Landale,2026-01-26,0,0,0,0,
9310,Jock Landale,2026-01-23,24,11,2,2,
9311,Jock Landale,2026-01-21,13,11,3,1,
9312,Jock Landale,2026-01-18,21,8,3,1,
9313,Al Horford,2026-02-19,5,8,4,1,
9314,Al Horford,2026-02-11,6,4,1,0,
9315,Al Horford,2026-02-09,16,9,6,1,
9316,Al Horford,2026-02-07,4,4,0,0,
9317,Al Horford,2026-02-05,13,4,4,2,
9318,Al Horford,2026-02-03,10,0,2,2,
9319,Al Horford,2026-01-30,13,7,3,1,
9320,Al Horford,2026-01-28,9,5,8,1,
9321,Al Horford,2026-01-26,0,0,0,0,
9322,Al Horford,2026-01-25,10,5,2,2,
9323,Al Horford,2026-01-22,3,8,3,1,
9324,Al Horford,2026-01-20,0,0,0,0,
9325,Al Horford,2026-01-19,10,8,2,2,
9326,Al Horford,2026-01-17,11,2,1,2,
9327,Nikola Jokic,2026-02-20,32,9,7,3,
9328,Nikola Jokic,2026-02-19,22,17,6,0,
9329,Nikola Jokic,2026-02-11,26,15,11,0,
9330,Nikola Jokic,2026-02-09,22,14,11,0,
9331,Nikola Jokic,2026-02-07,22,14,17,2,
9332,Nikola Jokic,2026-02-04,30,14,10,1,
9333,Nikola Jokic,2026-02-03,24,15,4,3,
9334,Nikola Jokic,2026-02-01,16,7,8,1,
9335,Nikola Jokic,2026-01-30,31,12,5,2,
9336,Nikola Jokic,2026-01-29,0,0,0,0,
9337,Nikola Jokic,2026-01-27,0,0,0,0,
9338,Nikola Jokic,2026-01-23,0,0,0,0,
9339,Nikola Jokic,2026-01-22,0,0,0,0,
9340,Nikola Jokic,2026-01-20,0,0,0,0,
9341,Brandin Podziemski,2026-02-19,11,7,6,1,
9342,Brandin Podziemski,2026-02-11,16,5,2,1,
9343,Brandin Podziemski,2026-02-09,16,4,5,1,
9344,Brandin Podziemski,2026-02-07,14,6,4,2,
9345,Brandin Podziemski,2026-02-05,0,3,1,0,
9346,Brandin Podziemski,2026-02-03,8,2,2,2,
9347,Brandin Podziemski,2026-01-30,11,8,8,1,
9348,Brandin Podziemski,2026-01-28,11,8,7,1,
9349,Brandin Podziemski,2026-01-26,12,7,4,0,
9350,Brandin Podziemski,2026-01-25,12,5,6,0,
9351,Brandin Podziemski,2026-01-22,9,4,10,0,
9352,Brandin Podziemski,2026-01-20,11,3,2,1,
9353,Brandin Podziemski,2026-01-19,24,6,4,3,
9354,Brandin Podziemski,2026-01-17,16,6,7,3,
9355,Pat Spencer,2026-02-19,5,2,7,1,
9356,Pat Spencer,2026-02-11,9,4,4,0,
9357,Pat Spencer,2026-02-09,17,3,7,1,
9358,Pat Spencer,2026-02-07,14,5,7,2,
9359,Pat Spencer,2026-02-05,20,6,4,6,
9360,Pat Spencer,2026-02-03,13,4,3,3,
9361,Pat Spencer,2026-01-30,1,2,3,0,
9362,Pat Spencer,2026-01-28,1,1,0,0,
9363,Pat Spencer,2026-01-26,10,5,6,2,
9364,Pat Spencer,2026-01-25,0,1,0,0,
9365,Pat Spencer,2026-01-22,0,0,0,0,
9366,Pat Spencer,2026-01-20,9,2,5,1,
9367,Pat Spencer,2026-01-19,0,0,3,0,
9368,Pat Spencer,2026-01-17,0,2,0,0,
9369,Gui Santos,2026-02-19,17,6,2,5,
9370,Gui Santos,2026-02-11,9,5,6,0,
9371,Gui Santos,2026-02-09,16,8,2,1,
9372,Gui Santos,2026-02-07,15,8,3,1,
9373,Gui Santos,2026-02-05,18,4,7,3,
9374,Gui Santos,2026-02-03,13,2,3,3,
9375,Gui Santos,2026-01-30,16,1,1,2,
9376,Gui Santos,2026-01-28,16,3,4,2,
9377,Gui Santos,2026-01-26,11,10,2,1,
9378,Gui Santos,2026-01-25,7,6,2,1,
9379,Gui Santos,2026-01-22,5,4,0,1,
9380,Gui Santos,2026-01-20,3,0,2,1,
9381,Gui Santos,2026-01-19,0,0,0,0,
9382,Gui Santos,2026-01-17,0,0,0,0,
9383,Jamal Murray,2026-02-20,25,6,6,6,
9384,Jamal Murray,2026-02-19,20,8,8,2,
9385,Jamal Murray,2026-02-11,23,6,7,1,
9386,Jamal Murray,2026-02-09,17,8,11,1,
9387,Jamal Murray,2026-02-07,28,3,11,4,
9388,Jamal Murray,2026-02-04,39,5,6,3,
9389,Jamal Murray,2026-02-03,32,1,8,4,
9390,Jamal Murray,2026-02-01,12,5,12,1,
9391,Jamal Murray,2026-01-30,20,4,9,4,
9392,Jamal Murray,2026-01-29,27,4,6,2,
9393,Jamal Murray,2026-01-27,24,5,10,0,
9394,Jamal Murray,2026-01-23,0,0,0,0,
9395,Jamal Murray,2026-01-22,24,4,5,2,
9396,Jamal Murray,2026-01-20,28,2,11,4,
9397,Draymond Green,2026-02-19,0,2,3,0,
9398,Draymond Green,2026-02-11,17,12,8,2,
9399,Draymond Green,2026-02-09,14,4,2,4,
9400,Draymond Green,2026-02-07,9,4,6,2,
9401,Draymond Green,2026-02-05,5,5,1,1,
9402,Draymond Green,2026-02-03,6,7,3,2,
9403,Draymond Green,2026-01-30,15,6,7,4,
9404,Draymond Green,2026-01-28,0,2,6,0,
9405,Draymond Green,2026-01-26,0,0,0,0,
9406,Draymond Green,2026-01-25,2,5,5,0,
9407,Draymond Green,2026-01-22,4,4,5,0,
9408,Draymond Green,2026-01-20,6,6,5,0,
9409,Draymond Green,2026-01-19,0,0,0,0,
9410,Draymond Green,2026-01-17,20,3,6,4,
9411,Christian Braun,2026-02-20,11,8,7,2,
9412,Christian Braun,2026-02-19,7,2,3,0,
9413,Christian Braun,2026-02-11,14,7,6,0,
9414,Christian Braun,2026-02-09,20,5,2,4,
9415,Christian Braun,2026-02-07,10,4,2,0,
9416,Christian Braun,2026-02-04,6,7,6,0,
9417,Christian Braun,2026-02-03,6,0,2,0,
9418,Christian Braun,2026-02-01,0,0,0,0,
9419,Christian Braun,2026-01-30,0,0,0,0,
9420,Christian Braun,2026-01-29,0,0,0,0,
9421,Christian Braun,2026-01-27,0,0,0,0,
9422,Christian Braun,2026-01-23,0,0,0,0,
9423,Christian Braun,2026-01-22,0,0,0,0,
9424,Christian Braun,2026-01-20,0,0,0,0,
9425,Kristaps Porzingis,2026-02-19,12,1,1,2,
9426,Kristaps Porzingis,2026-02-11,0,0,0,0,
9427,Kristaps Porzingis,2026-02-09,0,0,0,0,
9428,Kristaps Porzingis,2026-02-07,0,0,0,0,
9429,Kristaps Porzingis,2026-02-05,0,0,0,0,
9430,Kristaps Porzingis,2026-02-03,0,0,0,0,
9431,Kristaps Porzingis,2026-01-31,0,0,0,0,
9432,Kristaps Porzingis,2026-01-29,0,0,0,0,
9433,Kristaps Porzingis,2026-01-28,0,0,0,0,
9434,Kristaps Porzingis,2026-01-26,0,0,0,0,
9435,Kristaps Porzingis,2026-01-23,0,0,0,0,
9436,Kristaps Porzingis,2026-01-21,0,0,0,0,
9437,Kristaps Porzingis,2026-01-19,0,0,0,0,
9438,Kristaps Porzingis,2026-01-17,0,0,0,0,
9439,De'Anthony Melton,2026-02-19,18,3,1,2,
9440,De'Anthony Melton,2026-02-11,17,3,7,5,
9441,De'Anthony Melton,2026-02-09,10,3,2,0,
9442,De'Anthony Melton,2026-02-07,5,0,1,1,
9443,De'Anthony Melton,2026-02-05,17,2,1,2,
9444,De'Anthony Melton,2026-02-03,10,6,6,0,
9445,De'Anthony Melton,2026-01-30,18,5,3,1,
9446,De'Anthony Melton,2026-01-28,12,2,2,2,
9447,De'Anthony Melton,2026-01-26,0,0,0,0,
9448,De'Anthony Melton,2026-01-25,12,3,4,1,
9449,De'Anthony Melton,2026-01-22,22,3,2,1,
9450,De'Anthony Melton,2026-01-20,6,3,5,0,
9451,De'Anthony Melton,2026-01-19,0,0,0,0,
9452,De'Anthony Melton,2026-01-17,24,6,3,3,
9453,Cameron Johnson,2026-02-20,15,4,4,2,
9454,Cameron Johnson,2026-02-19,18,4,3,2,
9455,Cameron Johnson,2026-02-11,5,4,1,1,
9456,Cameron Johnson,2026-02-09,10,4,1,2,
9457,Cameron Johnson,2026-02-07,14,4,1,2,
9458,Cameron Johnson,2026-02-04,0,0,0,0,
9459,Cameron Johnson,2026-02-03,0,0,0,0,
9460,Cameron Johnson,2026-02-01,0,0,0,0,
9461,Cameron Johnson,2026-01-30,0,0,0,0,
9462,Cameron Johnson,2026-01-29,0,0,0,0,
9463,Cameron Johnson,2026-01-27,0,0,0,0,
9464,Cameron Johnson,2026-01-23,0,0,0,0,
9465,Cameron Johnson,2026-01-22,0,0,0,0,
9466,Cameron Johnson,2026-01-20,0,0,0,0,
9467,Jonas Valanciunas,2026-02-20,6,7,1,0,
9468,Jonas Valanciunas,2026-02-19,6,4,0,0,
9469,Jonas Valanciunas,2026-02-11,9,6,0,0,
9470,Jonas Valanciunas,2026-02-09,12,4,0,0,
9471,Jonas Valanciunas,2026-02-07,10,4,1,0,
9472,Jonas Valanciunas,2026-02-04,2,3,2,0,
9473,Jonas Valanciunas,2026-02-03,11,11,1,0,
9474,Jonas Valanciunas,2026-02-01,13,3,2,1,
9475,Jonas Valanciunas,2026-01-30,11,6,2,0,
9476,Jonas Valanciunas,2026-01-29,12,9,3,0,
9477,Jonas Valanciunas,2026-01-27,16,16,1,1,
9478,Jonas Valanciunas,2026-01-23,0,0,0,0,
9479,Jonas Valanciunas,2026-01-22,16,9,2,0,
9480,Jonas Valanciunas,2026-01-20,0,0,0,0,
9481,Moses Moody,2026-02-19,11,3,2,3,
9482,Moses Moody,2026-02-11,17,4,2,3,
9483,Moses Moody,2026-02-09,15,1,3,1,
9484,Moses Moody,2026-02-07,25,4,2,5,
9485,Moses Moody,2026-02-05,6,8,1,2,
9486,Moses Moody,2026-02-03,12,2,0,4,
9487,Moses Moody,2026-01-30,11,4,0,3,
9488,Moses Moody,2026-01-28,26,5,0,5,
9489,Moses Moody,2026-01-26,10,4,1,2,
9490,Moses Moody,2026-01-25,19,8,2,5,
9491,Moses Moody,2026-01-22,12,3,3,3,
9492,Moses Moody,2026-01-20,10,5,0,0,
9493,Moses Moody,2026-01-19,13,4,2,3,
9494,Moses Moody,2026-01-17,12,1,2,4,
9495,Tim Hardaway Jr,2026-02-20,19,2,3,4,
9496,Tim Hardaway Jr,2026-02-19,2,2,0,0,
9497,Tim Hardaway Jr,2026-02-11,21,3,0,4,
9498,Tim Hardaway Jr,2026-02-09,12,1,0,3,
9499,Tim Hardaway Jr,2026-02-07,23,3,1,3,
9500,Tim Hardaway Jr,2026-02-04,19,6,2,4,
9501,Tim Hardaway Jr,2026-02-03,6,2,0,1,
9502,Tim Hardaway Jr,2026-02-01,3,6,0,0,
9503,Tim Hardaway Jr,2026-01-30,22,2,0,5,
9504,Tim Hardaway Jr,2026-01-29,25,8,3,7,
9505,Tim Hardaway Jr,2026-01-27,14,4,3,4,
9506,Tim Hardaway Jr,2026-01-23,17,4,2,3,
9507,Tim Hardaway Jr,2026-01-22,2,3,0,0,
9508,Tim Hardaway Jr,2026-01-20,10,2,2,0,
9509,Julian Strawther,2026-02-20,19,6,4,1,
9510,Julian Strawther,2026-02-19,18,1,2,6,
9511,Julian Strawther,2026-02-11,11,1,2,1,
9512,Julian Strawther,2026-02-09,20,6,0,2,
9513,Julian Strawther,2026-02-07,19,5,0,4,
9514,Julian Strawther,2026-02-04,11,3,1,2,
9515,Julian Strawther,2026-02-03,15,8,2,1,
9516,Julian Strawther,2026-02-01,9,4,3,2,
9517,Julian Strawther,2026-01-30,3,3,3,1,
9518,Julian Strawther,2026-01-29,7,1,1,1,
9519,Julian Strawther,2026-01-27,4,2,0,0,
9520,Julian Strawther,2026-01-23,20,5,3,1,
9521,Julian Strawther,2026-01-22,0,0,0,0,
9522,Julian Strawther,2026-01-20,0,0,0,0,
9523,Kyle Kuzma,2026-02-20,14,3,4,2,
9524,Kyle Kuzma,2026-02-12,14,4,2,2,
9525,Kyle Kuzma,2026-02-11,15,7,2,1,
9526,Kyle Kuzma,2026-02-09,3,5,0,0,
9527,Kyle Kuzma,2026-02-06,0,0,0,0,
9528,Kyle Kuzma,2026-02-04,7,6,9,1,
9529,Kyle Kuzma,2026-02-03,31,10,6,3,
9530,Kyle Kuzma,2026-02-01,16,5,2,2,
9531,Kyle Kuzma,2026-01-29,19,9,6,0,
9532,Kyle Kuzma,2026-01-27,17,8,8,2,
9533,Kyle Kuzma,2026-01-23,11,10,6,1,
9534,Kyle Kuzma,2026-01-21,9,4,0,0,
9535,Kyle Kuzma,2026-01-19,10,1,1,1,
9536,Kyle Kuzma,2026-01-15,18,3,2,5,
9537,Kevin Porter Jr.,2026-02-20,25,2,7,0,
9538,Kevin Porter Jr.,2026-02-12,12,3,7,0,
9539,Kevin Porter Jr.,2026-02-11,18,10,11,1,
9540,Kevin Porter Jr.,2026-02-09,28,4,7,1,
9541,Kevin Porter Jr.,2026-02-06,23,7,8,0,
9542,Kevin Porter Jr.,2026-02-04,18,6,9,0,
9543,Kevin Porter Jr.,2026-02-03,0,0,0,0,
9544,Kevin Porter Jr.,2026-02-01,0,0,0,0,
9545,Kevin Porter Jr.,2026-01-29,0,0,0,0,
9546,Kevin Porter Jr.,2026-01-27,0,0,0,0,
9547,Kevin Porter Jr.,2026-01-23,0,0,0,0,
9548,Kevin Porter Jr.,2026-01-21,0,0,0,0,
9549,Kevin Porter Jr.,2026-01-19,9,6,7,0,
9550,Kevin Porter Jr.,2026-01-15,0,1,2,0,
9551,R.J. Barrett,2026-02-19,13,6,3,1,
9552,R.J. Barrett,2026-02-11,16,3,4,1,
9553,R.J. Barrett,2026-02-08,20,8,5,2,
9554,R.J. Barrett,2026-02-05,0,0,0,0,
9555,R.J. Barrett,2026-02-04,13,6,1,2,
9556,R.J. Barrett,2026-02-01,21,6,4,2,
9557,R.J. Barrett,2026-01-30,16,3,5,0,
9558,R.J. Barrett,2026-01-28,14,8,3,1,
9559,R.J. Barrett,2026-01-25,14,6,2,2,
9560,R.J. Barrett,2026-01-23,10,6,3,0,
9561,R.J. Barrett,2026-01-21,0,0,0,0,
9562,R.J. Barrett,2026-01-20,0,0,0,0,
9563,R.J. Barrett,2026-01-18,0,0,0,0,
9564,R.J. Barrett,2026-01-16,0,0,0,0,
9565,Immanuel Quickley,2026-02-19,14,2,3,0,
9566,Immanuel Quickley,2026-02-11,18,2,5,4,
9567,Immanuel Quickley,2026-02-08,13,4,6,3,
9568,Immanuel Quickley,2026-02-05,24,2,5,3,
9569,Immanuel Quickley,2026-02-04,23,5,8,6,
9570,Immanuel Quickley,2026-02-01,17,5,4,3,
9571,Immanuel Quickley,2026-01-30,13,7,6,2,
9572,Immanuel Quickley,2026-01-28,7,4,3,1,
9573,Immanuel Quickley,2026-01-25,23,11,2,6,
9574,Immanuel Quickley,2026-01-23,20,8,7,2,
9575,Immanuel Quickley,2026-01-21,18,6,8,1,
9576,Immanuel Quickley,2026-01-20,40,2,10,7,
9577,Immanuel Quickley,2026-01-18,9,3,7,1,
9578,Immanuel Quickley,2026-01-16,0,0,0,0,
9579,Ryan Rollins,2026-02-20,27,2,6,7,
9580,Ryan Rollins,2026-02-12,0,0,0,0,
9581,Ryan Rollins,2026-02-11,0,0,0,0,
9582,Ryan Rollins,2026-02-09,14,6,3,2,
9583,Ryan Rollins,2026-02-06,22,4,4,4,
9584,Ryan Rollins,2026-02-04,27,4,4,3,
9585,Ryan Rollins,2026-02-03,21,7,10,5,
9586,Ryan Rollins,2026-02-01,25,6,7,3,
9587,Ryan Rollins,2026-01-29,17,3,8,3,
9588,Ryan Rollins,2026-01-27,24,8,4,2,
9589,Ryan Rollins,2026-01-23,21,4,1,4,
9590,Ryan Rollins,2026-01-21,10,3,7,2,
9591,Ryan Rollins,2026-01-19,14,3,3,1,
9592,Ryan Rollins,2026-01-15,6,7,7,1,
9593,Collin Murray-Boyles,2026-02-19,11,6,1,0,
9594,Collin Murray-Boyles,2026-02-11,0,0,0,0,
9595,Collin Murray-Boyles,2026-02-08,2,0,0,0,
9596,Collin Murray-Boyles,2026-02-05,17,5,4,0,
9597,Collin Murray-Boyles,2026-02-04,13,4,3,1,
9598,Collin Murray-Boyles,2026-02-01,4,5,1,0,
9599,Collin Murray-Boyles,2026-01-30,12,6,4,0,
9600,Collin Murray-Boyles,2026-01-28,4,5,4,0,
9601,Collin Murray-Boyles,2026-01-25,0,0,0,0,
9602,Collin Murray-Boyles,2026-01-23,0,0,0,0,
9603,Collin Murray-Boyles,2026-01-21,0,0,0,0,
9604,Collin Murray-Boyles,2026-01-20,0,0,0,0,
9605,Collin Murray-Boyles,2026-01-18,11,7,5,0,
9606,Collin Murray-Boyles,2026-01-16,11,4,3,0,
9607,Brandon Ingram,2026-02-19,31,8,6,3,
9608,Brandon Ingram,2026-02-11,13,0,0,1,
9609,Brandon Ingram,2026-02-08,13,5,3,0,
9610,Brandon Ingram,2026-02-05,33,6,6,5,
9611,Brandon Ingram,2026-02-04,25,6,4,3,
9612,Brandon Ingram,2026-02-01,19,5,3,1,
9613,Brandon Ingram,2026-01-30,35,3,2,4,
9614,Brandon Ingram,2026-01-28,27,6,2,1,
9615,Brandon Ingram,2026-01-25,13,5,4,0,
9616,Brandon Ingram,2026-01-23,20,7,3,1,
9617,Brandon Ingram,2026-01-21,23,3,4,3,
9618,Brandon Ingram,2026-01-20,22,4,5,4,
9619,Brandon Ingram,2026-01-18,19,6,7,2,
9620,Brandon Ingram,2026-01-16,19,6,2,2,
9621,Jamal Shead,2026-02-19,4,3,4,0,
9622,Jamal Shead,2026-02-11,0,2,3,0,
9623,Jamal Shead,2026-02-08,6,0,4,1,
9624,Jamal Shead,2026-02-05,3,4,8,1,
9625,Jamal Shead,2026-02-04,7,2,4,0,
9626,Jamal Shead,2026-02-01,5,1,4,1,
9627,Jamal Shead,2026-01-30,4,1,4,0,
9628,Jamal Shead,2026-01-28,3,2,1,1,
9629,Jamal Shead,2026-01-25,9,4,5,1,
9630,Jamal Shead,2026-01-23,0,3,5,0,
9631,Jamal Shead,2026-01-21,15,5,6,3,
9632,Jamal Shead,2026-01-20,10,1,8,2,
9633,Jamal Shead,2026-01-18,3,1,3,1,
9634,Jamal Shead,2026-01-16,15,4,13,2,
9635,A.J. Green,2026-02-20,0,2,4,0,
9636,A.J. Green,2026-02-12,17,2,3,5,
9637,A.J. Green,2026-02-11,6,1,2,2,
9638,A.J. Green,2026-02-09,15,6,1,4,
9639,A.J. Green,2026-02-06,14,3,2,4,
9640,A.J. Green,2026-02-04,20,3,2,6,
9641,A.J. Green,2026-02-03,17,4,2,5,
9642,A.J. Green,2026-02-01,3,2,1,1,
9643,A.J. Green,2026-01-29,2,2,3,0,
9644,A.J. Green,2026-01-27,8,2,3,2,
9645,A.J. Green,2026-01-23,0,0,0,0,
9646,A.J. Green,2026-01-21,15,3,1,4,
9647,A.J. Green,2026-01-19,18,3,1,6,
9648,A.J. Green,2026-01-15,6,0,1,2,
9649,Myles Turner,2026-02-20,0,0,0,0,
9650,Myles Turner,2026-02-12,0,0,0,0,
9651,Myles Turner,2026-02-11,5,8,2,1,
9652,Myles Turner,2026-02-09,13,6,3,2,
9653,Myles Turner,2026-02-06,9,10,2,1,
9654,Myles Turner,2026-02-04,16,9,1,2,
9655,Myles Turner,2026-02-03,15,4,1,2,
9656,Myles Turner,2026-02-01,7,4,1,1,
9657,Myles Turner,2026-01-29,21,14,1,2,
9658,Myles Turner,2026-01-27,31,4,3,4,
9659,Myles Turner,2026-01-23,17,7,2,1,
9660,Myles Turner,2026-01-21,0,0,0,0,
9661,Myles Turner,2026-01-19,14,8,1,4,
9662,Myles Turner,2026-01-15,5,3,3,1,
9663,Ja'Kobe Walter,2026-02-19,14,4,0,2,
9664,Ja'Kobe Walter,2026-02-11,3,3,3,1,
9665,Ja'Kobe Walter,2026-02-08,6,4,2,2,
9666,Ja'Kobe Walter,2026-02-05,12,5,2,0,
9667,Ja'Kobe Walter,2026-02-04,3,0,1,1,
9668,Ja'Kobe Walter,2026-02-01,7,1,1,0,
9669,Ja'Kobe Walter,2026-01-30,13,3,1,1,
9670,Ja'Kobe Walter,2026-01-28,0,1,1,0,
9671,Ja'Kobe Walter,2026-01-25,9,3,2,1,
9672,Ja'Kobe Walter,2026-01-23,0,0,0,0,
9673,Ja'Kobe Walter,2026-01-21,0,0,0,0,
9674,Ja'Kobe Walter,2026-01-20,0,0,0,0,
9675,Ja'Kobe Walter,2026-01-18,0,0,0,0,
9676,Ja'Kobe Walter,2026-01-16,0,0,0,0,
9677,Bobby Portis,2026-02-20,17,11,1,1,
9678,Bobby Portis,2026-02-12,15,12,3,3,
9679,Bobby Portis,2026-02-11,4,2,0,0,
9680,Bobby Portis,2026-02-09,10,0,0,2,
9681,Bobby Portis,2026-02-06,21,6,1,3,
9682,Bobby Portis,2026-02-04,0,0,0,0,
9683,Bobby Portis,2026-02-03,0,0,0,0,
9684,Bobby Portis,2026-02-01,8,12,3,0,
9685,Bobby Portis,2026-01-29,19,7,3,2,
9686,Bobby Portis,2026-01-27,17,12,8,0,
9687,Bobby Portis,2026-01-23,11,9,0,3,
9688,Bobby Portis,2026-01-21,15,6,9,2,
9689,Bobby Portis,2026-01-19,19,3,1,3,
9690,Bobby Portis,2026-01-15,13,6,3,3,
9691,Cam Thomas,2026-02-20,27,3,1,1,
9692,Cam Thomas,2026-02-12,12,1,2,1,
9693,Cam Thomas,2026-02-11,34,4,2,4,
9694,Cam Thomas,2026-02-09,4,1,1,0,
9695,Cam Thomas,2026-02-05,0,0,0,0,
9696,Cam Thomas,2026-02-03,8,0,2,1,
9697,Cam Thomas,2026-02-01,12,3,3,3,
9698,Cam Thomas,2026-01-30,21,2,4,1,
9699,Cam Thomas,2026-01-29,0,0,0,0,
9700,Cam Thomas,2026-01-27,11,3,3,0,
9701,Cam Thomas,2026-01-25,0,0,0,0,
9702,Cam Thomas,2026-01-23,7,2,4,0,
9703,Cam Thomas,2026-01-21,5,1,2,1,
9704,Cam Thomas,2026-01-19,0,0,0,0,
9705,Jakob Poeltl,2026-02-19,2,0,1,0,
9706,Jakob Poeltl,2026-02-11,9,6,0,0,
9707,Jakob Poeltl,2026-02-08,0,0,0,0,
9708,Jakob Poeltl,2026-02-05,0,0,0,0,
9709,Jakob Poeltl,2026-02-04,0,0,0,0,
9710,Jakob Poeltl,2026-02-01,0,0,0,0,
9711,Jakob Poeltl,2026-01-30,0,0,0,0,
9712,Jakob Poeltl,2026-01-28,0,0,0,0,
9713,Jakob Poeltl,2026-01-25,0,0,0,0,
9714,Jakob Poeltl,2026-01-23,0,0,0,0,
9715,Jakob Poeltl,2026-01-21,0,0,0,0,
9716,Jakob Poeltl,2026-01-20,0,0,0,0,
9717,Jakob Poeltl,2026-01-18,0,0,0,0,
9718,Jakob Poeltl,2026-01-16,0,0,0,0,
9719,Max Christie,2026-02-20,0,0,0,0,
9720,Max Christie,2026-02-12,19,1,4,2,
9721,Max Christie,2026-02-10,5,6,3,0,
9722,Max Christie,2026-02-07,17,3,3,3,
9723,Max Christie,2026-02-05,20,3,4,2,
9724,Max Christie,2026-02-03,10,2,3,2,
9725,Max Christie,2026-01-31,11,2,1,3,
9726,Max Christie,2026-01-29,13,3,3,1,
9727,Max Christie,2026-01-28,9,4,1,0,
9728,Max Christie,2026-01-24,24,2,3,4,
9729,Max Christie,2026-01-22,21,4,2,5,
9730,Max Christie,2026-01-19,26,6,2,8,
9731,Max Christie,2026-01-17,22,2,4,3,
9732,Max Christie,2026-01-15,0,0,0,0,
9733,Naji Marshall,2026-02-20,15,5,3,0,
9734,Naji Marshall,2026-02-12,19,2,4,0,
9735,Naji Marshall,2026-02-10,31,4,2,2,
9736,Naji Marshall,2026-02-07,6,3,5,0,
9737,Naji Marshall,2026-02-05,32,6,3,4,
9738,Naji Marshall,2026-02-03,9,8,3,1,
9739,Naji Marshall,2026-01-31,8,8,2,0,
9740,Naji Marshall,2026-01-29,0,0,0,0,
9741,Naji Marshall,2026-01-28,18,6,1,0,
9742,Naji Marshall,2026-01-24,21,11,2,0,
9743,Naji Marshall,2026-01-22,30,7,9,2,
9744,Naji Marshall,2026-01-19,19,8,4,1,
9745,Naji Marshall,2026-01-17,16,5,6,1,
9746,Naji Marshall,2026-01-15,22,6,4,2,
9747,P.J. Washington,2026-02-20,12,12,2,2,
9748,P.J. Washington,2026-02-12,18,4,2,1,
9749,P.J. Washington,2026-02-10,13,5,1,2,
9750,P.J. Washington,2026-02-07,10,5,3,2,
9751,P.J. Washington,2026-02-05,0,0,0,0,
9752,P.J. Washington,2026-02-03,0,0,0,0,
9753,P.J. Washington,2026-01-31,9,4,1,0,
9754,P.J. Washington,2026-01-29,14,9,3,1,
9755,P.J. Washington,2026-01-28,21,7,2,0,
9756,P.J. Washington,2026-01-24,2,3,0,0,
9757,P.J. Washington,2026-01-22,10,6,3,2,
9758,P.J. Washington,2026-01-19,0,0,0,0,
9759,P.J. Washington,2026-01-17,0,0,0,0,
9760,P.J. Washington,2026-01-15,0,0,0,0,
9761,Pascal Siakam,2026-02-20,0,0,0,0,
9762,Pascal Siakam,2026-02-19,0,0,0,0,
9763,Pascal Siakam,2026-02-11,0,0,0,0,
9764,Pascal Siakam,2026-02-10,30,6,4,3,
9765,Pascal Siakam,2026-02-08,18,4,2,1,
9766,Pascal Siakam,2026-02-06,19,6,4,1,
9767,Pascal Siakam,2026-02-03,0,0,0,0,
9768,Pascal Siakam,2026-02-02,27,4,5,2,
9769,Pascal Siakam,2026-01-31,25,6,1,1,
9770,Pascal Siakam,2026-01-28,20,3,5,1,
9771,Pascal Siakam,2026-01-26,26,9,4,2,
9772,Pascal Siakam,2026-01-23,21,6,6,2,
9773,Pascal Siakam,2026-01-21,32,10,4,4,
9774,Pascal Siakam,2026-01-19,24,6,7,4,
9775,Andrew Nembhard,2026-02-20,0,0,0,0,
9776,Andrew Nembhard,2026-02-19,5,1,4,1,
9777,Andrew Nembhard,2026-02-11,0,0,0,0,
9778,Andrew Nembhard,2026-02-10,24,4,10,4,
9779,Andrew Nembhard,2026-02-08,10,3,2,1,
9780,Andrew Nembhard,2026-02-06,22,2,8,3,
9781,Andrew Nembhard,2026-02-03,0,0,0,0,
9782,Andrew Nembhard,2026-02-02,7,1,8,1,
9783,Andrew Nembhard,2026-01-31,26,6,10,5,
9784,Andrew Nembhard,2026-01-28,18,6,9,2,
9785,Andrew Nembhard,2026-01-26,6,5,13,0,
9786,Andrew Nembhard,2026-01-23,27,7,11,4,
9787,Andrew Nembhard,2026-01-21,9,4,9,0,
9788,Andrew Nembhard,2026-01-19,25,2,5,3,
9789,Khris Middleton,2026-02-20,18,6,2,1,
9790,Khris Middleton,2026-02-12,8,1,1,1,
9791,Khris Middleton,2026-02-10,13,5,2,1,
9792,Khris Middleton,2026-02-07,0,0,0,0,
9793,Khris Middleton,2026-02-05,0,0,0,0,
9794,Khris Middleton,2026-02-03,12,2,2,2,
9795,Khris Middleton,2026-02-01,13,1,3,2,
9796,Khris Middleton,2026-01-30,0,0,0,0,
9797,Khris Middleton,2026-01-29,13,6,4,1,
9798,Khris Middleton,2026-01-27,19,6,5,1,
9799,Khris Middleton,2026-01-24,0,0,0,0,
9800,Khris Middleton,2026-01-22,9,2,0,1,
9801,Khris Middleton,2026-01-19,11,5,5,2,
9802,Khris Middleton,2026-01-17,16,7,4,2,
9803,Daniel Gafford,2026-02-20,8,5,1,0,
9804,Daniel Gafford,2026-02-12,2,6,1,0,
9805,Daniel Gafford,2026-02-10,4,4,0,0,
9806,Daniel Gafford,2026-02-07,9,4,2,0,
9807,Daniel Gafford,2026-02-05,16,10,2,0,
9808,Daniel Gafford,2026-02-03,10,12,1,0,
9809,Daniel Gafford,2026-01-31,16,11,1,0,
9810,Daniel Gafford,2026-01-29,5,4,3,0,
9811,Daniel Gafford,2026-01-28,14,6,0,0,
9812,Daniel Gafford,2026-01-24,2,2,1,0,
9813,Daniel Gafford,2026-01-22,0,0,0,0,
9814,Daniel Gafford,2026-01-19,0,0,0,0,
9815,Daniel Gafford,2026-01-17,0,0,0,0,
9816,Daniel Gafford,2026-01-15,0,0,0,0,
9817,Klay Thompson,2026-02-20,11,0,2,3,
9818,Klay Thompson,2026-02-12,9,3,0,1,
9819,Klay Thompson,2026-02-10,0,0,0,0,
9820,Klay Thompson,2026-02-07,19,1,2,4,
9821,Klay Thompson,2026-02-05,5,2,1,1,
9822,Klay Thompson,2026-02-03,4,0,1,1,
9823,Klay Thompson,2026-01-31,9,2,0,3,
9824,Klay Thompson,2026-01-29,16,3,1,4,
9825,Klay Thompson,2026-01-28,0,0,0,0,
9826,Klay Thompson,2026-01-24,6,3,1,2,
9827,Klay Thompson,2026-01-22,6,4,0,2,
9828,Klay Thompson,2026-01-19,14,5,2,4,
9829,Klay Thompson,2026-01-17,23,0,3,6,
9830,Klay Thompson,2026-01-15,26,1,6,6,
9831,Brandon Miller,2026-02-20,18,2,4,4,
9832,Brandon Miller,2026-02-19,17,4,7,1,
9833,Brandon Miller,2026-02-11,31,9,2,5,
9834,Brandon Miller,2026-02-09,24,3,3,4,
9835,Brandon Miller,2026-02-07,16,6,4,3,
9836,Brandon Miller,2026-02-05,11,3,1,1,
9837,Brandon Miller,2026-02-02,16,8,4,2,
9838,Brandon Miller,2026-01-31,26,8,2,3,
9839,Brandon Miller,2026-01-29,23,6,2,3,
9840,Brandon Miller,2026-01-28,26,1,3,4,
9841,Brandon Miller,2026-01-26,30,8,2,6,
9842,Brandon Miller,2026-01-24,21,11,7,2,
9843,Brandon Miller,2026-01-22,20,2,4,2,
9844,Brandon Miller,2026-01-21,24,4,2,3,
9845,Kon Knueppel,2026-02-20,33,6,2,7,
9846,Kon Knueppel,2026-02-19,15,5,4,3,
9847,Kon Knueppel,2026-02-11,18,6,4,4,
9848,Kon Knueppel,2026-02-09,20,5,3,5,
9849,Kon Knueppel,2026-02-07,23,8,4,6,
9850,Kon Knueppel,2026-02-05,24,4,2,2,
9851,Kon Knueppel,2026-02-02,17,9,2,4,
9852,Kon Knueppel,2026-01-31,13,6,4,1,
9853,Kon Knueppel,2026-01-29,34,4,3,8,
9854,Kon Knueppel,2026-01-28,10,1,6,2,
9855,Kon Knueppel,2026-01-26,12,8,6,2,
9856,Kon Knueppel,2026-01-24,16,4,3,3,
9857,Kon Knueppel,2026-01-22,13,10,4,1,
9858,Kon Knueppel,2026-01-21,21,11,2,2,
9859,Bilal Coulibaly,2026-02-20,13,3,3,1,
9860,Bilal Coulibaly,2026-02-19,12,4,4,1,
9861,Bilal Coulibaly,2026-02-11,13,0,2,1,
9862,Bilal Coulibaly,2026-02-08,7,4,1,1,
9863,Bilal Coulibaly,2026-02-07,0,0,0,0,
9864,Bilal Coulibaly,2026-02-05,11,5,4,1,
9865,Bilal Coulibaly,2026-02-03,3,2,2,1,
9866,Bilal Coulibaly,2026-02-01,15,1,3,0,
9867,Bilal Coulibaly,2026-01-30,7,2,2,0,
9868,Bilal Coulibaly,2026-01-29,8,10,1,0,
9869,Bilal Coulibaly,2026-01-27,5,5,6,1,
9870,Bilal Coulibaly,2026-01-24,0,0,0,0,
9871,Bilal Coulibaly,2026-01-22,0,0,0,0,
9872,Bilal Coulibaly,2026-01-19,0,0,0,0,
9873,Kyshawn George,2026-02-20,0,0,0,0,
9874,Kyshawn George,2026-02-19,6,3,1,0,
9875,Kyshawn George,2026-02-11,17,5,3,1,
9876,Kyshawn George,2026-02-08,13,2,3,3,
9877,Kyshawn George,2026-02-07,0,0,0,0,
9878,Kyshawn George,2026-02-05,8,3,3,1,
9879,Kyshawn George,2026-02-03,8,2,3,0,
9880,Kyshawn George,2026-02-01,6,1,2,0,
9881,Kyshawn George,2026-01-30,15,3,6,2,
9882,Kyshawn George,2026-01-29,23,5,5,2,
9883,Kyshawn George,2026-01-27,19,9,5,4,
9884,Kyshawn George,2026-01-24,11,8,7,2,
9885,Kyshawn George,2026-01-22,20,12,7,2,
9886,Kyshawn George,2026-01-19,18,6,6,2,
9887,Carlton Carrington,2026-02-20,6,5,7,0,
9888,Carlton Carrington,2026-02-19,13,4,3,3,
9889,Carlton Carrington,2026-02-11,8,3,4,0,
9890,Carlton Carrington,2026-02-08,13,2,5,1,
9891,Carlton Carrington,2026-02-07,11,2,4,2,
9892,Carlton Carrington,2026-02-05,12,0,4,2,
9893,Carlton Carrington,2026-02-03,14,2,1,3,
9894,Carlton Carrington,2026-02-01,6,2,6,2,
9895,Carlton Carrington,2026-01-30,15,3,6,4,
9896,Carlton Carrington,2026-01-29,13,4,6,2,
9897,Carlton Carrington,2026-01-27,11,1,1,2,
9898,Carlton Carrington,2026-01-24,15,3,8,5,
9899,Carlton Carrington,2026-01-22,13,2,2,3,
9900,Carlton Carrington,2026-01-19,17,6,7,3,
9901,Grant Williams,2026-02-20,0,0,0,0,
9902,Grant Williams,2026-02-19,20,9,1,4,
9903,Grant Williams,2026-02-11,7,8,5,0,
9904,Grant Williams,2026-02-09,12,2,5,2,
9905,Grant Williams,2026-02-07,11,3,1,2,
9906,Grant Williams,2026-02-05,2,3,0,0,
9907,Grant Williams,2026-02-02,16,9,1,2,
9908,Grant Williams,2026-01-31,3,4,2,1,
9909,Grant Williams,2026-01-29,0,0,0,0,
9910,Grant Williams,2026-01-28,2,3,1,0,
9911,Grant Williams,2026-01-26,9,5,0,2,
9912,Grant Williams,2026-01-24,2,1,1,0,
9913,Grant Williams,2026-01-22,0,0,0,0,
9914,Grant Williams,2026-01-21,0,5,4,0,
9915,LaMelo Ball,2026-02-20,18,2,6,2,
9916,LaMelo Ball,2026-02-19,11,7,7,1,
9917,LaMelo Ball,2026-02-11,24,4,6,7,
9918,LaMelo Ball,2026-02-09,20,4,4,4,
9919,LaMelo Ball,2026-02-07,19,1,9,2,
9920,LaMelo Ball,2026-02-05,20,6,4,5,
9921,LaMelo Ball,2026-02-02,24,8,5,3,
9922,LaMelo Ball,2026-01-31,16,8,8,2,
9923,LaMelo Ball,2026-01-29,22,3,9,6,
9924,LaMelo Ball,2026-01-28,16,1,4,4,
9925,LaMelo Ball,2026-01-26,11,2,8,2,
9926,LaMelo Ball,2026-01-24,20,2,11,3,
9927,LaMelo Ball,2026-01-22,16,6,7,4,
9928,LaMelo Ball,2026-01-21,2,5,7,0,
9929,Sion James,2026-02-20,5,6,7,1,
9930,Sion James,2026-02-19,8,4,1,2,
9931,Sion James,2026-02-11,3,3,3,1,
9932,Sion James,2026-02-09,6,2,3,2,
9933,Sion James,2026-02-07,3,3,4,1,
9934,Sion James,2026-02-05,6,2,0,2,
9935,Sion James,2026-02-02,3,5,0,0,
9936,Sion James,2026-01-31,0,4,1,0,
9937,Sion James,2026-01-29,0,8,0,0,
9938,Sion James,2026-01-28,5,2,2,1,
9939,Sion James,2026-01-26,0,1,1,0,
9940,Sion James,2026-01-24,6,5,2,0,
9941,Sion James,2026-01-22,7,3,3,1,
9942,Sion James,2026-01-21,0,1,1,0,
9943,Tidjane Salaun,2026-02-20,3,4,0,1,
9944,Tidjane Salaun,2026-02-19,9,4,0,2,
9945,Tidjane Salaun,2026-02-11,3,4,0,0,
9946,Tidjane Salaun,2026-02-09,0,0,0,0,
9947,Tidjane Salaun,2026-02-07,0,0,0,0,
9948,Tidjane Salaun,2026-02-05,0,0,0,0,
9949,Tidjane Salaun,2026-02-02,0,0,0,0,
9950,Tidjane Salaun,2026-01-31,0,0,0,0,
9951,Tidjane Salaun,2026-01-29,2,3,0,0,
9952,Tidjane Salaun,2026-01-28,0,0,0,0,
9953,Tidjane Salaun,2026-01-26,7,6,0,1,
9954,Tidjane Salaun,2026-01-24,0,0,0,0,
9955,Tidjane Salaun,2026-01-22,13,5,0,3,
9956,Tidjane Salaun,2026-01-21,0,0,0,0,
9957,Ryan Kalkbrenner,2026-02-20,12,13,1,0,
9958,Ryan Kalkbrenner,2026-02-19,12,4,4,0,
9959,Ryan Kalkbrenner,2026-02-11,5,6,1,0,
9960,Ryan Kalkbrenner,2026-02-09,6,4,0,0,
9961,Ryan Kalkbrenner,2026-02-07,6,5,0,0,
9962,Ryan Kalkbrenner,2026-02-05,2,4,1,0,
9963,Ryan Kalkbrenner,2026-02-02,10,7,1,0,
9964,Ryan Kalkbrenner,2026-01-31,6,4,0,0,
9965,Ryan Kalkbrenner,2026-01-29,5,3,0,0,
9966,Ryan Kalkbrenner,2026-01-28,6,4,0,0,
9967,Ryan Kalkbrenner,2026-01-26,13,9,3,0,
9968,Ryan Kalkbrenner,2026-01-24,8,3,0,0,
9969,Ryan Kalkbrenner,2026-01-22,10,9,1,0,
9970,Ryan Kalkbrenner,2026-01-21,7,4,1,0,
9971,Derrick White,2026-02-19,10,5,8,0,
9972,Derrick White,2026-02-11,9,4,9,2,
9973,Derrick White,2026-02-08,19,1,4,3,
9974,Derrick White,2026-02-06,21,3,5,4,
9975,Derrick White,2026-02-04,28,1,8,6,
9976,Derrick White,2026-02-03,11,2,8,1,
9977,Derrick White,2026-02-01,17,7,8,3,
9978,Derrick White,2026-01-30,7,2,9,1,
9979,Derrick White,2026-01-28,11,4,3,1,
9980,Derrick White,2026-01-26,18,4,4,2,
9981,Derrick White,2026-01-24,15,7,7,3,
9982,Derrick White,2026-01-23,0,0,0,0,
9983,Derrick White,2026-01-21,13,5,5,1,
9984,Derrick White,2026-01-19,4,9,5,0,
9985,Luka Doncic,2026-02-20,38,6,11,8,
9986,Luka Doncic,2026-02-12,0,0,0,0,
9987,Luka Doncic,2026-02-10,0,0,0,0,
9988,Luka Doncic,2026-02-09,0,0,0,0,
9989,Luka Doncic,2026-02-07,0,0,0,0,
9990,Luka Doncic,2026-02-05,10,4,2,0,
9991,Luka Doncic,2026-02-03,24,6,5,4,
9992,Luka Doncic,2026-02-01,30,15,8,5,
9993,Luka Doncic,2026-01-30,37,11,13,6,
9994,Luka Doncic,2026-01-28,29,5,6,3,
9995,Luka Doncic,2026-01-26,46,7,11,8,
9996,Luka Doncic,2026-01-24,33,8,11,3,
9997,Luka Doncic,2026-01-22,32,11,8,3,
9998,Luka Doncic,2026-01-20,38,13,10,3,
9999,Austin Reaves,2026-02-20,29,6,2,4,
10000,Austin Reaves,2026-02-12,18,4,6,1,
10001,Austin Reaves,2026-02-10,0,0,0,0,
10002,Austin Reaves,2026-02-09,16,2,7,1,
10003,Austin Reaves,2026-02-07,16,5,8,0,
10004,Austin Reaves,2026-02-05,35,6,2,5,
10005,Austin Reaves,2026-02-03,15,4,1,1,
10006,Austin Reaves,2026-02-01,0,0,0,0,
10007,Austin Reaves,2026-01-30,0,0,0,0,
10008,Austin Reaves,2026-01-28,0,0,0,0,
10009,Austin Reaves,2026-01-26,0,0,0,0,
10010,Austin Reaves,2026-01-24,0,0,0,0,
10011,Austin Reaves,2026-01-22,0,0,0,0,
10012,Austin Reaves,2026-01-20,0,0,0,0,
10013,Jaylen Brown,2026-02-19,23,15,13,0,
10014,Jaylen Brown,2026-02-11,24,4,4,2,
10015,Jaylen Brown,2026-02-08,26,2,4,0,
10016,Jaylen Brown,2026-02-06,29,7,2,1,
10017,Jaylen Brown,2026-02-04,0,0,0,0,
10018,Jaylen Brown,2026-02-03,33,11,3,2,
10019,Jaylen Brown,2026-02-01,30,13,2,4,
10020,Jaylen Brown,2026-01-30,0,0,0,0,
10021,Jaylen Brown,2026-01-28,21,7,3,0,
10022,Jaylen Brown,2026-01-26,20,8,4,1,
10023,Jaylen Brown,2026-01-24,33,8,5,2,
10024,Jaylen Brown,2026-01-23,27,10,12,4,
10025,Jaylen Brown,2026-01-21,30,10,5,1,
10026,Jaylen Brown,2026-01-19,32,11,2,2,
10027,LeBron James,2026-02-20,13,3,11,1,
10028,LeBron James,2026-02-12,28,10,12,2,
10029,LeBron James,2026-02-10,0,0,0,0,
10030,LeBron James,2026-02-09,22,6,10,0,
10031,LeBron James,2026-02-07,20,7,10,2,
10032,LeBron James,2026-02-05,17,4,10,0,
10033,LeBron James,2026-02-03,25,3,7,0,
10034,LeBron James,2026-02-01,22,5,6,2,
10035,LeBron James,2026-01-30,20,3,6,2,
10036,LeBron James,2026-01-28,11,3,5,0,
10037,LeBron James,2026-01-26,24,5,3,1,
10038,LeBron James,2026-01-24,17,8,5,1,
10039,LeBron James,2026-01-22,23,5,6,1,
10040,LeBron James,2026-01-20,19,9,8,1,
10041,Marcus Smart,2026-02-20,7,2,0,1,
10042,Marcus Smart,2026-02-12,9,2,6,1,
10043,Marcus Smart,2026-02-10,0,0,0,0,
10044,Marcus Smart,2026-02-09,19,3,3,4,
10045,Marcus Smart,2026-02-07,15,3,4,1,
10046,Marcus Smart,2026-02-05,7,4,5,2,
10047,Marcus Smart,2026-02-03,6,3,1,0,
10048,Marcus Smart,2026-02-01,7,0,3,1,
10049,Marcus Smart,2026-01-30,3,1,4,1,
10050,Marcus Smart,2026-01-28,2,3,0,0,
10051,Marcus Smart,2026-01-26,12,2,1,1,
10052,Marcus Smart,2026-01-24,13,7,3,2,
10053,Marcus Smart,2026-01-22,10,0,4,1,
10054,Marcus Smart,2026-01-20,15,2,1,3,
10055,Payton Pritchard,2026-02-19,26,6,7,6,
10056,Payton Pritchard,2026-02-11,26,5,8,3,
10057,Payton Pritchard,2026-02-08,6,2,7,1,
10058,Payton Pritchard,2026-02-06,24,1,1,4,
10059,Payton Pritchard,2026-02-04,27,3,7,5,
10060,Payton Pritchard,2026-02-03,26,4,7,2,
10061,Payton Pritchard,2026-02-01,7,3,5,1,
10062,Payton Pritchard,2026-01-30,29,2,8,5,
10063,Payton Pritchard,2026-01-28,12,4,0,0,
10064,Payton Pritchard,2026-01-26,23,4,3,5,
10065,Payton Pritchard,2026-01-24,10,3,7,1,
10066,Payton Pritchard,2026-01-23,32,4,4,6,
10067,Payton Pritchard,2026-01-21,10,5,8,1,
10068,Payton Pritchard,2026-01-19,17,3,3,3,
10069,Rui Hachimura,2026-02-20,3,2,2,1,
10070,Rui Hachimura,2026-02-12,21,3,1,3,
10071,Rui Hachimura,2026-02-10,6,4,2,0,
10072,Rui Hachimura,2026-02-09,12,5,2,2,
10073,Rui Hachimura,2026-02-07,18,1,0,4,
10074,Rui Hachimura,2026-02-05,14,7,1,2,
10075,Rui Hachimura,2026-02-03,5,3,0,1,
10076,Rui Hachimura,2026-02-01,11,3,1,1,
10077,Rui Hachimura,2026-01-30,11,2,2,2,
10078,Rui Hachimura,2026-01-28,0,2,0,0,
10079,Rui Hachimura,2026-01-26,23,2,1,4,
10080,Rui Hachimura,2026-01-24,17,8,1,4,
10081,Rui Hachimura,2026-01-22,12,3,2,2,
10082,Rui Hachimura,2026-01-20,9,6,1,1,
10083,Baylor Scheierman,2026-02-19,7,5,1,1,
10084,Baylor Scheierman,2026-02-11,10,5,1,2,
10085,Baylor Scheierman,2026-02-08,10,13,5,2,
10086,Baylor Scheierman,2026-02-06,5,7,2,1,
10087,Baylor Scheierman,2026-02-04,15,10,4,3,
10088,Baylor Scheierman,2026-02-03,3,7,3,1,
10089,Baylor Scheierman,2026-02-01,0,4,0,0,
10090,Baylor Scheierman,2026-01-30,16,5,1,4,
10091,Baylor Scheierman,2026-01-28,6,3,4,0,
10092,Baylor Scheierman,2026-01-26,2,5,0,0,
10093,Baylor Scheierman,2026-01-24,2,3,0,0,
10094,Baylor Scheierman,2026-01-23,6,7,4,2,
10095,Baylor Scheierman,2026-01-21,5,2,1,1,
10096,Baylor Scheierman,2026-01-19,3,1,1,1,
10097,Deandre Ayton,2026-02-20,13,7,1,0,
10098,Deandre Ayton,2026-02-12,0,0,0,0,
10099,Deandre Ayton,2026-02-10,0,0,0,0,
10100,Deandre Ayton,2026-02-09,6,10,0,0,
10101,Deandre Ayton,2026-02-07,0,0,0,0,
10102,Deandre Ayton,2026-02-05,10,6,0,0,
10103,Deandre Ayton,2026-02-03,7,8,3,0,
10104,Deandre Ayton,2026-02-01,13,5,1,0,
10105,Deandre Ayton,2026-01-30,28,13,3,0,
10106,Deandre Ayton,2026-01-28,10,4,2,0,
10107,Deandre Ayton,2026-01-26,6,2,0,0,
10108,Deandre Ayton,2026-01-24,9,11,0,0,
10109,Deandre Ayton,2026-01-22,4,5,0,0,
10110,Deandre Ayton,2026-01-20,4,8,0,0,
10111,Sam Hauser,2026-02-19,16,3,5,4,
10112,Sam Hauser,2026-02-11,12,2,0,4,
10113,Sam Hauser,2026-02-08,0,0,0,0,
10114,Sam Hauser,2026-02-06,2,3,2,0,
10115,Sam Hauser,2026-02-04,0,0,0,0,
10116,Sam Hauser,2026-02-03,11,5,0,3,
10117,Sam Hauser,2026-02-01,3,1,1,1,
10118,Sam Hauser,2026-01-30,10,3,1,2,
10119,Sam Hauser,2026-01-28,12,7,1,2,
10120,Sam Hauser,2026-01-26,11,7,3,3,
10121,Sam Hauser,2026-01-24,8,4,3,2,
10122,Sam Hauser,2026-01-23,19,4,3,5,
10123,Sam Hauser,2026-01-21,17,6,3,5,
10124,Sam Hauser,2026-01-19,16,5,1,4,
10125,Luke Kennard,2026-02-20,9,2,1,1,
10126,Luke Kennard,2026-02-12,9,7,3,1,
10127,Luke Kennard,2026-02-10,14,2,5,1,
10128,Luke Kennard,2026-02-09,7,1,1,1,
10129,Luke Kennard,2026-02-07,10,2,2,2,
10130,Luke Kennard,2026-02-05,0,0,0,0,
10131,Luke Kennard,2026-02-03,12,5,1,4,
10132,Luke Kennard,2026-01-31,11,0,0,1,
10133,Luke Kennard,2026-01-29,0,7,1,0,
10134,Luke Kennard,2026-01-28,9,0,0,1,
10135,Luke Kennard,2026-01-26,13,2,3,3,
10136,Luke Kennard,2026-01-23,9,6,4,3,
10137,Luke Kennard,2026-01-21,18,4,2,4,
10138,Luke Kennard,2026-01-19,2,3,1,0,
10139,Nikola Vucevic,2026-02-19,9,5,0,1,
10140,Nikola Vucevic,2026-02-11,19,11,3,4,
10141,Nikola Vucevic,2026-02-08,11,6,0,1,
10142,Nikola Vucevic,2026-02-06,11,12,4,0,
10143,Nikola Vucevic,2026-02-03,0,0,0,0,
10144,Nikola Vucevic,2026-02-01,12,2,1,0,
10145,Nikola Vucevic,2026-01-31,0,0,0,0,
10146,Nikola Vucevic,2026-01-29,15,10,3,1,
10147,Nikola Vucevic,2026-01-28,25,9,4,3,
10148,Nikola Vucevic,2026-01-26,18,11,5,1,
10149,Nikola Vucevic,2026-01-24,16,7,6,2,
10150,Nikola Vucevic,2026-01-22,10,8,3,2,
10151,Nikola Vucevic,2026-01-20,19,8,4,1,
10152,Nikola Vucevic,2026-01-18,17,11,6,1,
10153,Joel Embiid,2026-02-21,0,0,0,0,
10154,Joel Embiid,2026-02-19,0,0,0,0,
10155,Joel Embiid,2026-02-11,0,0,0,0,
10156,Joel Embiid,2026-02-09,0,0,0,0,
10157,Joel Embiid,2026-02-07,33,9,3,4,
10158,Joel Embiid,2026-02-05,35,7,7,1,
10159,Joel Embiid,2026-02-03,0,0,0,0,
10160,Joel Embiid,2026-02-02,24,5,3,1,
10161,Joel Embiid,2026-01-31,40,11,4,3,
10162,Joel Embiid,2026-01-29,37,5,8,1,
10163,Joel Embiid,2026-01-27,29,9,5,1,
10164,Joel Embiid,2026-01-26,0,0,0,0,
10165,Joel Embiid,2026-01-24,38,11,5,3,
10166,Joel Embiid,2026-01-22,32,15,10,1,
10167,Tyrese Maxey,2026-02-21,27,3,7,2,
10168,Tyrese Maxey,2026-02-19,28,3,3,4,
10169,Tyrese Maxey,2026-02-11,32,2,2,3,
10170,Tyrese Maxey,2026-02-09,30,1,4,2,
10171,Tyrese Maxey,2026-02-07,29,9,6,3,
10172,Tyrese Maxey,2026-02-05,26,0,13,1,
10173,Tyrese Maxey,2026-02-03,14,4,3,1,
10174,Tyrese Maxey,2026-02-02,29,5,6,7,
10175,Tyrese Maxey,2026-01-31,18,5,8,4,
10176,Tyrese Maxey,2026-01-29,40,4,8,4,
10177,Tyrese Maxey,2026-01-27,22,3,9,2,
10178,Tyrese Maxey,2026-01-26,6,2,7,0,
10179,Tyrese Maxey,2026-01-24,22,3,6,3,
10180,Tyrese Maxey,2026-01-22,36,2,10,2,
10181,Jaden McDaniels,2026-02-20,7,8,5,1,
10182,Jaden McDaniels,2026-02-11,21,6,6,2,
10183,Jaden McDaniels,2026-02-09,18,5,3,2,
10184,Jaden McDaniels,2026-02-08,2,2,0,0,
10185,Jaden McDaniels,2026-02-06,6,1,2,0,
10186,Jaden McDaniels,2026-02-04,19,1,4,1,
10187,Jaden McDaniels,2026-02-02,29,4,3,5,
10188,Jaden McDaniels,2026-01-31,20,4,2,3,
10189,Jaden McDaniels,2026-01-29,21,4,4,5,
10190,Jaden McDaniels,2026-01-28,8,2,2,2,
10191,Jaden McDaniels,2026-01-26,14,3,3,2,
10192,Jaden McDaniels,2026-01-25,3,3,1,1,
10193,Jaden McDaniels,2026-01-22,16,5,5,2,
10194,Jaden McDaniels,2026-01-20,18,6,6,2,
10195,Julius Randle,2026-02-20,13,5,3,1,
10196,Julius Randle,2026-02-11,41,7,2,3,
10197,Julius Randle,2026-02-09,18,12,10,2,
10198,Julius Randle,2026-02-08,17,8,2,1,
10199,Julius Randle,2026-02-06,24,8,7,0,
10200,Julius Randle,2026-02-04,17,4,4,1,
10201,Julius Randle,2026-02-02,19,8,8,1,
10202,Julius Randle,2026-01-31,27,7,7,4,
10203,Julius Randle,2026-01-29,13,5,5,2,
10204,Julius Randle,2026-01-28,31,5,4,0,
10205,Julius Randle,2026-01-26,18,7,2,1,
10206,Julius Randle,2026-01-25,11,5,6,0,
10207,Julius Randle,2026-01-22,30,7,6,3,
10208,Julius Randle,2026-01-20,19,2,3,1,
10209,Anthony Edwards,2026-02-20,40,6,1,5,
10210,Anthony Edwards,2026-02-11,14,4,2,4,
10211,Anthony Edwards,2026-02-09,30,6,6,4,
10212,Anthony Edwards,2026-02-08,23,4,2,1,
10213,Anthony Edwards,2026-02-06,35,5,4,5,
10214,Anthony Edwards,2026-02-04,30,8,5,1,
10215,Anthony Edwards,2026-02-02,39,7,3,3,
10216,Anthony Edwards,2026-01-31,33,2,3,1,
10217,Anthony Edwards,2026-01-29,26,5,5,4,
10218,Anthony Edwards,2026-01-28,20,6,6,3,
10219,Anthony Edwards,2026-01-26,0,0,0,0,
10220,Anthony Edwards,2026-01-25,32,11,2,4,
10221,Anthony Edwards,2026-01-22,20,6,3,1,
10222,Anthony Edwards,2026-01-20,38,8,3,5,
10223,VJ Edgecombe,2026-02-21,14,5,3,1,
10224,VJ Edgecombe,2026-02-19,20,9,0,3,
10225,VJ Edgecombe,2026-02-11,14,4,2,0,
10226,VJ Edgecombe,2026-02-09,11,6,3,1,
10227,VJ Edgecombe,2026-02-07,5,6,2,1,
10228,VJ Edgecombe,2026-02-05,19,10,2,3,
10229,VJ Edgecombe,2026-02-03,25,7,7,2,
10230,VJ Edgecombe,2026-02-02,5,3,7,1,
10231,VJ Edgecombe,2026-01-31,15,3,5,2,
10232,VJ Edgecombe,2026-01-29,5,5,3,1,
10233,VJ Edgecombe,2026-01-27,12,8,7,3,
10234,VJ Edgecombe,2026-01-26,9,6,1,1,
10235,VJ Edgecombe,2026-01-24,14,3,4,1,
10236,VJ Edgecombe,2026-01-22,9,7,4,1,
10237,Naz Reid,2026-02-20,21,7,4,4,
10238,Naz Reid,2026-02-11,11,7,2,2,
10239,Naz Reid,2026-02-09,7,6,2,0,
10240,Naz Reid,2026-02-08,8,9,3,0,
10241,Naz Reid,2026-02-06,7,3,3,1,
10242,Naz Reid,2026-02-04,17,8,3,4,
10243,Naz Reid,2026-02-02,10,6,1,1,
10244,Naz Reid,2026-01-31,20,9,5,6,
10245,Naz Reid,2026-01-29,18,7,2,4,
10246,Naz Reid,2026-01-28,23,8,3,3,
10247,Naz Reid,2026-01-26,15,7,3,3,
10248,Naz Reid,2026-01-25,0,10,1,0,
10249,Naz Reid,2026-01-22,20,6,5,4,
10250,Naz Reid,2026-01-20,13,9,4,3,
10251,Ayo Dosunmu,2026-02-20,5,2,3,1,
10252,Ayo Dosunmu,2026-02-11,12,1,4,0,
10253,Ayo Dosunmu,2026-02-09,21,1,3,2,
10254,Ayo Dosunmu,2026-02-08,11,1,1,3,
10255,Ayo Dosunmu,2026-02-06,0,0,0,0,
10256,Ayo Dosunmu,2026-02-05,0,0,0,0,
10257,Ayo Dosunmu,2026-02-03,17,4,8,3,
10258,Ayo Dosunmu,2026-02-01,10,6,1,1,
10259,Ayo Dosunmu,2026-01-31,29,8,9,5,
10260,Ayo Dosunmu,2026-01-29,23,7,5,1,
10261,Ayo Dosunmu,2026-01-28,19,4,4,0,
10262,Ayo Dosunmu,2026-01-26,20,3,2,2,
10263,Ayo Dosunmu,2026-01-24,10,2,0,2,
10264,Ayo Dosunmu,2026-01-22,8,4,3,2,
10265,Donte DiVincenzo,2026-02-20,9,5,9,3,
10266,Donte DiVincenzo,2026-02-11,3,4,5,1,
10267,Donte DiVincenzo,2026-02-09,10,4,6,2,
10268,Donte DiVincenzo,2026-02-08,1,4,2,0,
10269,Donte DiVincenzo,2026-02-06,6,3,2,2,
10270,Donte DiVincenzo,2026-02-04,15,6,5,5,
10271,Donte DiVincenzo,2026-02-02,21,3,4,5,
10272,Donte DiVincenzo,2026-01-31,11,1,5,3,
10273,Donte DiVincenzo,2026-01-29,11,5,5,3,
10274,Donte DiVincenzo,2026-01-28,8,5,1,2,
10275,Donte DiVincenzo,2026-01-26,15,4,8,5,
10276,Donte DiVincenzo,2026-01-25,22,7,0,6,
10277,Donte DiVincenzo,2026-01-22,11,3,4,3,
10278,Donte DiVincenzo,2026-01-20,15,5,8,3,
10279,Dominick Barlow,2026-02-21,9,5,0,0,
10280,Dominick Barlow,2026-02-19,1,3,0,0,
10281,Dominick Barlow,2026-02-11,13,4,1,1,
10282,Dominick Barlow,2026-02-09,0,0,0,0,
10283,Dominick Barlow,2026-02-07,6,4,0,0,
10284,Dominick Barlow,2026-02-05,13,3,0,0,
10285,Dominick Barlow,2026-02-03,10,6,1,2,
10286,Dominick Barlow,2026-02-02,26,16,2,1,
10287,Dominick Barlow,2026-01-31,8,3,0,0,
10288,Dominick Barlow,2026-01-29,5,1,0,0,
10289,Dominick Barlow,2026-01-27,4,4,2,0,
10290,Dominick Barlow,2026-01-26,9,3,1,0,
10291,Dominick Barlow,2026-01-24,4,2,1,1,
10292,Dominick Barlow,2026-01-22,7,5,3,1,
10293,Kelly Oubre Jr,2026-02-21,25,5,2,4,
10294,Kelly Oubre Jr,2026-02-19,17,3,3,0,
10295,Kelly Oubre Jr,2026-02-11,2,7,4,0,
10296,Kelly Oubre Jr,2026-02-09,19,4,1,3,
10297,Kelly Oubre Jr,2026-02-07,18,6,2,3,
10298,Kelly Oubre Jr,2026-02-05,8,4,3,0,
10299,Kelly Oubre Jr,2026-02-03,15,6,3,4,
10300,Kelly Oubre Jr,2026-02-02,15,3,2,3,
10301,Kelly Oubre Jr,2026-01-31,19,10,4,3,
10302,Kelly Oubre Jr,2026-01-29,4,3,0,0,
10303,Kelly Oubre Jr,2026-01-27,7,4,0,0,
10304,Kelly Oubre Jr,2026-01-26,17,2,0,1,
10305,Kelly Oubre Jr,2026-01-24,14,7,3,1,
10306,Kelly Oubre Jr,2026-01-22,26,4,3,4,
10307,Joan Beringer,2026-02-20,2,0,0,0,
10308,Joan Beringer,2026-02-11,2,1,0,0,
10309,Joan Beringer,2026-02-09,0,0,0,0,
10310,Joan Beringer,2026-02-08,4,1,1,0,
10311,Joan Beringer,2026-02-06,2,2,0,0,
10312,Joan Beringer,2026-02-04,0,0,0,0,
10313,Joan Beringer,2026-02-02,0,0,0,0,
10314,Joan Beringer,2026-01-31,2,0,0,0,
10315,Joan Beringer,2026-01-29,0,1,0,0,
10316,Joan Beringer,2026-01-28,9,4,1,0,
10317,Joan Beringer,2026-01-26,6,4,0,0,
10318,Joan Beringer,2026-01-25,0,2,0,0,
10319,Joan Beringer,2026-01-22,0,1,0,0,
10320,Joan Beringer,2026-01-20,4,3,0,0,
10321,Josh Giddey,2026-02-21,27,6,3,5,
10322,Josh Giddey,2026-02-19,5,4,5,0,
10323,Josh Giddey,2026-02-11,0,0,0,0,
10324,Josh Giddey,2026-02-09,0,0,0,0,
10325,Josh Giddey,2026-02-07,0,0,0,0,
10326,Josh Giddey,2026-02-05,0,0,0,0,
10327,Josh Giddey,2026-02-03,0,0,0,0,
10328,Josh Giddey,2026-02-01,0,0,0,0,
10329,Josh Giddey,2026-01-31,0,0,0,0,
10330,Josh Giddey,2026-01-29,0,0,0,0,
10331,Josh Giddey,2026-01-28,10,4,7,0,
10332,Josh Giddey,2026-01-26,19,6,7,3,
10333,Josh Giddey,2026-01-24,4,8,10,0,
10334,Josh Giddey,2026-01-22,21,6,5,0,
10335,Mikal Bridges,2026-02-21,11,6,5,1,
10336,Mikal Bridges,2026-02-19,8,3,0,0,
10337,Mikal Bridges,2026-02-11,22,5,6,1,
10338,Mikal Bridges,2026-02-10,22,6,3,2,
10339,Mikal Bridges,2026-02-08,14,4,1,1,
10340,Mikal Bridges,2026-02-06,19,1,2,3,
10341,Mikal Bridges,2026-02-04,5,4,4,1,
10342,Mikal Bridges,2026-02-03,23,4,5,3,
10343,Mikal Bridges,2026-02-01,10,0,2,0,
10344,Mikal Bridges,2026-01-30,10,2,5,1,
10345,Mikal Bridges,2026-01-28,30,1,4,4,
10346,Mikal Bridges,2026-01-27,18,3,5,2,
10347,Mikal Bridges,2026-01-24,9,3,4,1,
10348,Mikal Bridges,2026-01-21,11,4,4,1,
10349,OG Anunoby,2026-02-21,20,2,1,2,
10350,OG Anunoby,2026-02-19,8,0,0,1,
10351,OG Anunoby,2026-02-11,0,0,0,0,
10352,OG Anunoby,2026-02-10,0,0,0,0,
10353,OG Anunoby,2026-02-08,0,0,0,0,
10354,OG Anunoby,2026-02-06,0,0,0,0,
10355,OG Anunoby,2026-02-04,20,8,4,4,
10356,OG Anunoby,2026-02-03,19,4,2,3,
10357,OG Anunoby,2026-02-01,25,8,3,4,
10358,OG Anunoby,2026-01-30,24,6,3,4,
10359,OG Anunoby,2026-01-28,26,3,5,2,
10360,OG Anunoby,2026-01-27,15,2,0,3,
10361,OG Anunoby,2026-01-24,23,7,4,2,
10362,OG Anunoby,2026-01-21,5,5,3,0,
10363,Matas Buzelis,2026-02-21,15,6,3,2,
10364,Matas Buzelis,2026-02-19,4,6,1,0,
10365,Matas Buzelis,2026-02-11,15,8,4,3,
10366,Matas Buzelis,2026-02-09,18,4,1,3,
10367,Matas Buzelis,2026-02-07,21,8,3,4,
10368,Matas Buzelis,2026-02-05,18,6,3,2,
10369,Matas Buzelis,2026-02-03,22,2,1,5,
10370,Matas Buzelis,2026-02-01,2,3,2,0,
10371,Matas Buzelis,2026-01-31,21,8,4,3,
10372,Matas Buzelis,2026-01-29,16,9,4,2,
10373,Matas Buzelis,2026-01-28,20,8,0,4,
10374,Matas Buzelis,2026-01-26,11,5,4,2,
10375,Matas Buzelis,2026-01-24,14,8,5,4,
10376,Matas Buzelis,2026-01-22,12,6,3,2,
10377,Josh Hart,2026-02-21,2,6,6,0,
10378,Josh Hart,2026-02-19,11,4,3,0,
10379,Josh Hart,2026-02-11,6,7,9,1,
10380,Josh Hart,2026-02-10,15,11,11,2,
10381,Josh Hart,2026-02-08,19,6,3,2,
10382,Josh Hart,2026-02-06,5,6,2,1,
10383,Josh Hart,2026-02-04,0,0,0,0,
10384,Josh Hart,2026-02-03,4,7,7,1,
10385,Josh Hart,2026-02-01,20,4,2,3,
10386,Josh Hart,2026-01-30,20,6,5,1,
10387,Josh Hart,2026-01-28,22,5,6,4,
10388,Josh Hart,2026-01-27,7,9,4,0,
10389,Josh Hart,2026-01-24,10,13,7,1,
10390,Josh Hart,2026-01-21,11,9,3,1,
10391,Karl-Anthony Towns,2026-02-21,25,7,1,3,
10392,Karl-Anthony Towns,2026-02-19,21,11,4,1,
10393,Karl-Anthony Towns,2026-02-11,21,11,5,1,
10394,Karl-Anthony Towns,2026-02-10,22,14,3,1,
10395,Karl-Anthony Towns,2026-02-08,11,10,1,0,
10396,Karl-Anthony Towns,2026-02-06,0,0,0,0,
10397,Karl-Anthony Towns,2026-02-04,24,12,1,2,
10398,Karl-Anthony Towns,2026-02-03,19,15,3,1,
10399,Karl-Anthony Towns,2026-02-01,11,13,4,0,
10400,Karl-Anthony Towns,2026-01-30,14,20,3,1,
10401,Karl-Anthony Towns,2026-01-28,8,22,2,0,
10402,Karl-Anthony Towns,2026-01-27,17,11,4,3,
10403,Karl-Anthony Towns,2026-01-24,10,6,1,1,
10404,Karl-Anthony Towns,2026-01-21,14,8,3,2,
10405,Jalen Brunson,2026-02-21,20,3,6,0,
10406,Jalen Brunson,2026-02-19,33,6,8,3,
10407,Jalen Brunson,2026-02-11,8,4,4,2,
10408,Jalen Brunson,2026-02-10,40,5,8,4,
10409,Jalen Brunson,2026-02-08,31,3,8,4,
10410,Jalen Brunson,2026-02-06,12,4,4,0,
10411,Jalen Brunson,2026-02-04,42,8,9,5,
10412,Jalen Brunson,2026-02-03,21,1,4,1,
10413,Jalen Brunson,2026-02-01,12,7,13,2,
10414,Jalen Brunson,2026-01-30,26,1,3,5,
10415,Jalen Brunson,2026-01-28,13,1,4,0,
10416,Jalen Brunson,2026-01-27,28,3,4,4,
10417,Jalen Brunson,2026-01-24,31,5,6,6,
10418,Jalen Brunson,2026-01-21,20,4,5,1,
10419,Jalen Smith,2026-02-21,15,7,2,3,
10420,Jalen Smith,2026-02-19,9,10,2,1,
10421,Jalen Smith,2026-02-11,0,0,0,0,
10422,Jalen Smith,2026-02-09,0,0,0,0,
10423,Jalen Smith,2026-02-07,0,0,0,0,
10424,Jalen Smith,2026-02-05,13,9,1,0,
10425,Jalen Smith,2026-02-03,16,5,1,3,
10426,Jalen Smith,2026-02-01,0,0,0,0,
10427,Jalen Smith,2026-01-31,0,0,0,0,
10428,Jalen Smith,2026-01-29,11,5,0,1,
10429,Jalen Smith,2026-01-28,13,11,3,3,
10430,Jalen Smith,2026-01-26,13,7,0,3,
10431,Jalen Smith,2026-01-24,14,9,0,2,
10432,Jalen Smith,2026-01-22,17,4,0,3,
10433,Guerschon Yabusele,2026-02-21,12,9,8,2,
10434,Guerschon Yabusele,2026-02-19,8,5,1,1,
10435,Guerschon Yabusele,2026-02-11,13,2,2,2,
10436,Guerschon Yabusele,2026-02-09,3,2,1,1,
10437,Guerschon Yabusele,2026-02-07,12,2,0,4,
10438,Guerschon Yabusele,2026-02-05,15,11,3,3,
10439,Guerschon Yabusele,2026-02-04,0,0,0,0,
10440,Guerschon Yabusele,2026-02-03,0,0,0,0,
10441,Guerschon Yabusele,2026-02-01,0,0,0,0,
10442,Guerschon Yabusele,2026-01-30,0,2,0,0,
10443,Guerschon Yabusele,2026-01-28,4,5,0,0,
10444,Guerschon Yabusele,2026-01-27,0,0,0,0,
10445,Guerschon Yabusele,2026-01-24,0,1,1,0,
10446,Guerschon Yabusele,2026-01-21,2,1,0,0,
10447,Isaac Okoro,2026-02-21,15,3,3,3,
10448,Isaac Okoro,2026-02-19,16,5,1,3,
10449,Isaac Okoro,2026-02-11,0,0,0,0,
10450,Isaac Okoro,2026-02-09,10,4,4,0,
10451,Isaac Okoro,2026-02-07,13,2,3,2,
10452,Isaac Okoro,2026-02-05,10,2,1,0,
10453,Isaac Okoro,2026-02-03,9,2,2,1,
10454,Isaac Okoro,2026-02-01,9,3,0,0,
10455,Isaac Okoro,2026-01-31,20,1,3,2,
10456,Isaac Okoro,2026-01-29,8,2,0,2,
10457,Isaac Okoro,2026-01-28,5,2,0,1,
10458,Isaac Okoro,2026-01-26,7,1,5,1,
10459,Isaac Okoro,2026-01-24,12,2,1,2,
10460,Isaac Okoro,2026-01-22,10,5,1,2,
10461,Jerami Grant,2026-02-20,6,3,0,0,
10462,Jerami Grant,2026-02-12,18,3,0,2,
10463,Jerami Grant,2026-02-11,10,4,2,1,
10464,Jerami Grant,2026-02-09,15,4,2,3,
10465,Jerami Grant,2026-02-07,29,5,3,6,
10466,Jerami Grant,2026-02-06,23,2,2,3,
10467,Jerami Grant,2026-02-03,23,2,4,3,
10468,Jerami Grant,2026-02-01,15,2,1,1,
10469,Jerami Grant,2026-01-30,15,1,2,2,
10470,Jerami Grant,2026-01-27,6,4,0,0,
10471,Jerami Grant,2026-01-26,19,2,3,1,
10472,Jerami Grant,2026-01-23,8,2,2,0,
10473,Jerami Grant,2026-01-22,12,0,0,1,
10474,Jerami Grant,2026-01-18,0,0,0,0,
10475,Collin Gillespie,2026-02-21,19,5,6,3,
10476,Collin Gillespie,2026-02-19,8,2,8,2,
10477,Collin Gillespie,2026-02-11,6,5,3,2,
10478,Collin Gillespie,2026-02-10,5,8,8,1,
10479,Collin Gillespie,2026-02-07,6,4,2,2,
10480,Collin Gillespie,2026-02-05,11,3,4,3,
10481,Collin Gillespie,2026-02-03,30,4,10,8,
10482,Collin Gillespie,2026-02-01,12,4,2,4,
10483,Collin Gillespie,2026-01-30,16,2,5,4,
10484,Collin Gillespie,2026-01-29,16,5,2,5,
10485,Collin Gillespie,2026-01-27,0,0,0,0,
10486,Collin Gillespie,2026-01-25,11,4,0,3,
10487,Collin Gillespie,2026-01-23,16,6,4,3,
10488,Collin Gillespie,2026-01-20,12,4,4,3,
10489,Toumani Camara,2026-02-20,10,1,1,2,
10490,Toumani Camara,2026-02-12,14,8,3,4,
10491,Toumani Camara,2026-02-11,9,8,2,2,
10492,Toumani Camara,2026-02-09,30,3,1,8,
10493,Toumani Camara,2026-02-07,8,7,1,1,
10494,Toumani Camara,2026-02-06,15,4,3,3,
10495,Toumani Camara,2026-02-03,13,11,4,3,
10496,Toumani Camara,2026-02-01,12,4,1,2,
10497,Toumani Camara,2026-01-30,0,4,1,0,
10498,Toumani Camara,2026-01-27,16,9,4,4,
10499,Toumani Camara,2026-01-26,18,8,1,3,
10500,Toumani Camara,2026-01-23,16,6,2,4,
10501,Toumani Camara,2026-01-22,16,8,6,3,
10502,Toumani Camara,2026-01-18,17,3,2,1,
10503,Scoot Henderson,2026-02-20,11,1,3,3,
10504,Scoot Henderson,2026-02-12,15,1,4,2,
10505,Scoot Henderson,2026-02-11,18,4,2,3,
10506,Scoot Henderson,2026-02-09,12,2,7,0,
10507,Scoot Henderson,2026-02-07,0,0,0,0,
10508,Scoot Henderson,2026-02-06,11,5,9,2,
10509,Scoot Henderson,2026-02-03,0,0,0,0,
10510,Scoot Henderson,2026-02-01,0,0,0,0,
10511,Scoot Henderson,2026-01-30,0,0,0,0,
10512,Scoot Henderson,2026-01-27,0,0,0,0,
10513,Scoot Henderson,2026-01-26,0,0,0,0,
10514,Scoot Henderson,2026-01-23,0,0,0,0,
10515,Scoot Henderson,2026-01-22,0,0,0,0,
10516,Scoot Henderson,2026-01-18,0,0,0,0,
10517,Grayson Allen,2026-02-21,27,7,2,4,
10518,Grayson Allen,2026-02-19,0,0,0,0,
10519,Grayson Allen,2026-02-11,0,0,0,0,
10520,Grayson Allen,2026-02-10,0,0,0,0,
10521,Grayson Allen,2026-02-07,0,0,0,0,
10522,Grayson Allen,2026-02-05,21,5,4,5,
10523,Grayson Allen,2026-02-03,24,1,4,6,
10524,Grayson Allen,2026-02-01,23,1,8,4,
10525,Grayson Allen,2026-01-30,13,5,5,2,
10526,Grayson Allen,2026-01-29,24,3,5,4,
10527,Grayson Allen,2026-01-27,18,3,6,2,
10528,Grayson Allen,2026-01-25,18,6,3,1,
10529,Grayson Allen,2026-01-23,16,3,3,1,
10530,Grayson Allen,2026-01-20,16,5,6,4,
10531,Jrue Holiday,2026-02-20,19,2,2,4,
10532,Jrue Holiday,2026-02-12,31,9,7,4,
10533,Jrue Holiday,2026-02-11,23,5,5,5,
10534,Jrue Holiday,2026-02-09,13,7,7,2,
10535,Jrue Holiday,2026-02-07,21,2,4,4,
10536,Jrue Holiday,2026-02-06,20,5,7,1,
10537,Jrue Holiday,2026-02-03,15,4,5,1,
10538,Jrue Holiday,2026-02-01,0,0,0,0,
10539,Jrue Holiday,2026-01-30,5,2,4,1,
10540,Jrue Holiday,2026-01-27,5,7,5,0,
10541,Jrue Holiday,2026-01-26,14,3,3,3,
10542,Jrue Holiday,2026-01-23,21,1,7,3,
10543,Jrue Holiday,2026-01-22,15,2,7,3,
10544,Jrue Holiday,2026-01-18,0,0,0,0,
10545,Jalen Green,2026-02-21,16,7,5,2,
10546,Jalen Green,2026-02-19,26,3,2,4,
10547,Jalen Green,2026-02-11,0,0,0,0,
10548,Jalen Green,2026-02-10,12,1,4,2,
10549,Jalen Green,2026-02-07,8,3,3,0,
10550,Jalen Green,2026-02-05,0,0,0,0,
10551,Jalen Green,2026-02-03,0,0,0,0,
10552,Jalen Green,2026-02-01,0,0,0,0,
10553,Jalen Green,2026-01-30,11,4,1,3,
10554,Jalen Green,2026-01-29,0,0,0,0,
10555,Jalen Green,2026-01-27,0,0,0,0,
10556,Jalen Green,2026-01-25,0,0,0,0,
10557,Jalen Green,2026-01-23,4,1,1,0,
10558,Jalen Green,2026-01-20,12,2,3,2,
10559,Royce O'Neale,2026-02-21,6,7,4,2,
10560,Royce O'Neale,2026-02-19,8,7,1,2,
10561,Royce O'Neale,2026-02-11,12,2,2,4,
10562,Royce O'Neale,2026-02-10,12,4,2,4,
10563,Royce O'Neale,2026-02-07,14,11,3,4,
10564,Royce O'Neale,2026-02-05,9,1,5,3,
10565,Royce O'Neale,2026-02-03,11,7,0,1,
10566,Royce O'Neale,2026-02-01,9,4,3,3,
10567,Royce O'Neale,2026-01-30,12,5,2,4,
10568,Royce O'Neale,2026-01-29,10,2,2,2,
10569,Royce O'Neale,2026-01-27,7,2,4,0,
10570,Royce O'Neale,2026-01-25,8,5,4,0,
10571,Royce O'Neale,2026-01-23,5,2,3,1,
10572,Royce O'Neale,2026-01-20,9,3,2,3,
10573,Donovan Clingan,2026-02-20,15,9,2,3,
10574,Donovan Clingan,2026-02-12,23,18,7,0,
10575,Donovan Clingan,2026-02-11,8,9,1,2,
10576,Donovan Clingan,2026-02-09,15,7,3,3,
10577,Donovan Clingan,2026-02-07,20,19,3,2,
10578,Donovan Clingan,2026-02-06,13,17,0,0,
10579,Donovan Clingan,2026-02-03,14,15,3,3,
10580,Donovan Clingan,2026-02-01,8,12,5,1,
10581,Donovan Clingan,2026-01-30,7,6,1,1,
10582,Donovan Clingan,2026-01-27,14,20,2,0,
10583,Donovan Clingan,2026-01-26,9,15,1,1,
10584,Donovan Clingan,2026-01-23,13,16,2,1,
10585,Donovan Clingan,2026-01-22,7,8,2,1,
10586,Donovan Clingan,2026-01-18,21,17,3,1,
10587,Deni Avdija,2026-02-20,15,8,13,0,
10588,Deni Avdija,2026-02-12,0,0,0,0,
10589,Deni Avdija,2026-02-11,11,5,3,0,
10590,Deni Avdija,2026-02-09,26,10,8,2,
10591,Deni Avdija,2026-02-07,0,0,0,0,
10592,Deni Avdija,2026-02-06,0,0,0,0,
10593,Deni Avdija,2026-02-03,0,0,0,0,
10594,Deni Avdija,2026-02-01,0,0,0,0,
10595,Deni Avdija,2026-01-30,11,5,3,1,
10596,Deni Avdija,2026-01-27,17,12,3,3,
10597,Deni Avdija,2026-01-26,0,0,0,0,
10598,Deni Avdija,2026-01-23,0,0,0,0,
10599,Deni Avdija,2026-01-22,20,7,4,2,
10600,Deni Avdija,2026-01-18,30,8,8,2,
10601,Vit Krejci,2026-02-20,11,1,0,2,
10602,Vit Krejci,2026-02-12,11,5,2,2,
10603,Vit Krejci,2026-02-11,17,1,1,3,
10604,Vit Krejci,2026-02-09,5,2,3,1,
10605,Vit Krejci,2026-02-07,10,3,4,2,
10606,Vit Krejci,2026-02-06,11,0,1,2,
10607,Vit Krejci,2026-02-03,5,0,1,1,
10608,Vit Krejci,2026-02-01,0,0,0,0,
10609,Vit Krejci,2026-01-31,0,0,0,0,
10610,Vit Krejci,2026-01-29,9,4,1,1,
10611,Vit Krejci,2026-01-28,5,0,0,1,
10612,Vit Krejci,2026-01-26,0,1,0,0,
10613,Vit Krejci,2026-01-23,0,0,1,0,
10614,Vit Krejci,2026-01-21,7,2,1,1,
10615,Mark Williams,2026-02-21,9,9,1,0,
10616,Mark Williams,2026-02-19,11,10,0,0,
10617,Mark Williams,2026-02-11,6,1,0,0,
10618,Mark Williams,2026-02-10,13,9,1,0,
10619,Mark Williams,2026-02-07,11,11,2,0,
10620,Mark Williams,2026-02-05,11,10,0,0,
10621,Mark Williams,2026-02-03,24,11,1,0,
10622,Mark Williams,2026-02-01,7,7,4,0,
10623,Mark Williams,2026-01-30,10,7,2,0,
10624,Mark Williams,2026-01-29,6,5,1,0,
10625,Mark Williams,2026-01-27,27,6,1,0,
10626,Mark Williams,2026-01-25,11,8,1,0,
10627,Mark Williams,2026-01-23,6,5,1,0,
10628,Mark Williams,2026-01-20,4,9,0,0,
10629,Kawhi Leonard,2026-02-20,31,4,5,4,
10630,Kawhi Leonard,2026-02-19,23,4,3,1,
10631,Kawhi Leonard,2026-02-11,27,12,4,1,
10632,Kawhi Leonard,2026-02-10,24,8,3,2,
10633,Kawhi Leonard,2026-02-08,41,8,2,5,
10634,Kawhi Leonard,2026-02-06,31,9,7,1,
10635,Kawhi Leonard,2026-02-04,25,7,4,2,
10636,Kawhi Leonard,2026-02-02,29,4,6,2,
10637,Kawhi Leonard,2026-02-01,25,8,5,1,
10638,Kawhi Leonard,2026-01-30,21,3,6,1,
10639,Kawhi Leonard,2026-01-27,21,7,4,3,
10640,Kawhi Leonard,2026-01-25,28,5,2,2,
10641,Kawhi Leonard,2026-01-22,24,5,4,3,
10642,Kawhi Leonard,2026-01-20,0,0,0,0,
10643,Kris Dunn,2026-02-20,8,5,8,0,
10644,Kris Dunn,2026-02-19,2,8,8,0,
10645,Kris Dunn,2026-02-11,16,2,6,4,
10646,Kris Dunn,2026-02-10,6,2,7,0,
10647,Kris Dunn,2026-02-08,9,5,6,1,
10648,Kris Dunn,2026-02-06,15,1,5,2,
10649,Kris Dunn,2026-02-04,2,3,6,0,
10650,Kris Dunn,2026-02-02,6,2,6,0,
10651,Kris Dunn,2026-02-01,8,5,3,0,
10652,Kris Dunn,2026-01-30,5,2,5,1,
10653,Kris Dunn,2026-01-27,14,2,2,2,
10654,Kris Dunn,2026-01-25,2,3,0,0,
10655,Kris Dunn,2026-01-22,4,2,3,0,
10656,Kris Dunn,2026-01-20,4,5,6,0,
10657,Jalen Suggs,2026-02-21,0,0,0,0,
10658,Jalen Suggs,2026-02-19,9,3,3,3,
10659,Jalen Suggs,2026-02-11,16,1,10,4,
10660,Jalen Suggs,2026-02-09,7,3,10,1,
10661,Jalen Suggs,2026-02-07,12,7,6,2,
10662,Jalen Suggs,2026-02-05,15,11,11,3,
10663,Jalen Suggs,2026-02-03,20,3,6,4,
10664,Jalen Suggs,2026-02-01,5,6,6,1,
10665,Jalen Suggs,2026-01-30,14,6,10,3,
10666,Jalen Suggs,2026-01-28,16,5,4,1,
10667,Jalen Suggs,2026-01-26,4,5,6,0,
10668,Jalen Suggs,2026-01-24,9,1,6,1,
10669,Jalen Suggs,2026-01-22,0,0,0,0,
10670,Jalen Suggs,2026-01-18,0,0,0,0,
10671,Desmond Bane,2026-02-21,34,4,3,5,
10672,Desmond Bane,2026-02-19,17,4,2,3,
10673,Desmond Bane,2026-02-11,31,2,5,8,
10674,Desmond Bane,2026-02-09,25,3,1,2,
10675,Desmond Bane,2026-02-07,22,3,2,2,
10676,Desmond Bane,2026-02-05,23,3,4,1,
10677,Desmond Bane,2026-02-03,7,2,2,1,
10678,Desmond Bane,2026-02-01,25,4,4,1,
10679,Desmond Bane,2026-01-30,32,1,2,7,
10680,Desmond Bane,2026-01-28,23,1,5,3,
10681,Desmond Bane,2026-01-26,19,4,0,3,
10682,Desmond Bane,2026-01-24,20,4,3,2,
10683,Desmond Bane,2026-01-22,21,5,4,3,
10684,Desmond Bane,2026-01-18,11,4,3,1,
10685,Paolo Banchero,2026-02-21,26,14,8,0,
10686,Paolo Banchero,2026-02-19,30,5,6,5,
10687,Paolo Banchero,2026-02-11,17,4,2,2,
10688,Paolo Banchero,2026-02-09,11,9,3,2,
10689,Paolo Banchero,2026-02-07,23,7,8,2,
10690,Paolo Banchero,2026-02-05,22,5,4,0,
10691,Paolo Banchero,2026-02-03,17,3,4,1,
10692,Paolo Banchero,2026-02-01,19,10,4,1,
10693,Paolo Banchero,2026-01-30,20,9,6,1,
10694,Paolo Banchero,2026-01-28,31,12,4,1,
10695,Paolo Banchero,2026-01-26,37,10,4,2,
10696,Paolo Banchero,2026-01-24,27,5,2,3,
10697,Paolo Banchero,2026-01-22,23,7,5,2,
10698,Paolo Banchero,2026-01-18,16,8,9,1,
10699,Anthony Black,2026-02-21,10,4,4,0,
10700,Anthony Black,2026-02-19,20,3,3,4,
10701,Anthony Black,2026-02-11,13,3,3,3,
10702,Anthony Black,2026-02-09,26,5,2,2,
10703,Anthony Black,2026-02-07,21,3,4,1,
10704,Anthony Black,2026-02-05,18,2,5,2,
10705,Anthony Black,2026-02-03,10,6,3,0,
10706,Anthony Black,2026-02-01,11,1,2,2,
10707,Anthony Black,2026-01-30,25,4,6,1,
10708,Anthony Black,2026-01-28,26,7,5,4,
10709,Anthony Black,2026-01-26,14,4,5,2,
10710,Anthony Black,2026-01-24,16,5,5,3,
10711,Anthony Black,2026-01-22,4,2,2,1,
10712,Anthony Black,2026-01-18,19,2,6,2,
10713,Wendell Carter Jr,2026-02-21,7,11,1,0,
10714,Wendell Carter Jr,2026-02-19,2,8,3,0,
10715,Wendell Carter Jr,2026-02-11,6,11,3,0,
10716,Wendell Carter Jr,2026-02-09,4,8,2,0,
10717,Wendell Carter Jr,2026-02-07,8,6,1,0,
10718,Wendell Carter Jr,2026-02-05,7,8,1,1,
10719,Wendell Carter Jr,2026-02-03,9,7,2,1,
10720,Wendell Carter Jr,2026-02-01,2,2,0,0,
10721,Wendell Carter Jr,2026-01-30,23,7,3,2,
10722,Wendell Carter Jr,2026-01-28,10,5,1,2,
10723,Wendell Carter Jr,2026-01-26,9,7,1,1,
10724,Wendell Carter Jr,2026-01-24,11,5,3,1,
10725,Wendell Carter Jr,2026-01-22,4,3,3,0,
10726,Wendell Carter Jr,2026-01-18,18,7,4,4,
10727,Nicolas Batum,2026-02-20,0,3,2,0,
10728,Nicolas Batum,2026-02-19,6,2,0,2,
10729,Nicolas Batum,2026-02-11,0,0,0,0,
10730,Nicolas Batum,2026-02-10,0,0,0,0,
10731,Nicolas Batum,2026-02-08,3,3,0,1,
10732,Nicolas Batum,2026-02-06,3,3,2,1,
10733,Nicolas Batum,2026-02-04,0,0,0,0,
10734,Nicolas Batum,2026-02-02,0,2,2,0,
10735,Nicolas Batum,2026-02-01,3,8,2,1,
10736,Nicolas Batum,2026-01-30,6,3,1,2,
10737,Nicolas Batum,2026-01-27,8,2,0,2,
10738,Nicolas Batum,2026-01-25,3,3,1,1,
10739,Nicolas Batum,2026-01-22,0,2,1,0,
10740,Nicolas Batum,2026-01-20,0,1,1,0,
10741,Derrick Jones,2026-02-20,13,8,2,1,
10742,Derrick Jones,2026-02-19,22,3,1,2,
10743,Derrick Jones,2026-02-11,12,1,3,2,
10744,Derrick Jones,2026-02-10,6,1,0,2,
10745,Derrick Jones,2026-02-08,5,4,4,1,
10746,Derrick Jones,2026-02-06,13,3,0,1,
10747,Derrick Jones,2026-02-04,7,2,0,0,
10748,Derrick Jones,2026-02-02,0,0,0,0,
10749,Derrick Jones,2026-02-01,0,0,0,0,
10750,Derrick Jones,2026-01-30,0,0,0,0,
10751,Derrick Jones,2026-01-27,0,0,0,0,
10752,Derrick Jones,2026-01-25,0,0,0,0,
10753,Derrick Jones,2026-01-22,0,0,0,0,
10754,Derrick Jones,2026-01-20,0,0,0,0,
10755,Brook Lopez,2026-02-20,16,10,1,1,
10756,Brook Lopez,2026-02-19,8,6,2,0,
10757,Brook Lopez,2026-02-11,15,1,3,3,
10758,Brook Lopez,2026-02-10,7,2,0,1,
10759,Brook Lopez,2026-02-08,5,2,2,1,
10760,Brook Lopez,2026-02-06,15,9,2,2,
10761,Brook Lopez,2026-02-04,5,2,1,1,
10762,Brook Lopez,2026-02-02,13,1,1,3,
10763,Brook Lopez,2026-02-01,8,1,3,1,
10764,Brook Lopez,2026-01-30,0,3,0,0,
10765,Brook Lopez,2026-01-27,14,5,0,3,
10766,Brook Lopez,2026-01-25,3,3,2,1,
10767,Brook Lopez,2026-01-22,10,2,2,2,
10768,Brook Lopez,2026-01-20,0,1,0,0,
